{
	"_id" : ObjectId("5d7f7e99c4ea1525c077aabd"),
	"name" : "2019-mastercraft-x22_122112",
	"email" : "irfanhayat55@gmail.com",
	"phone" : "03235412298",
	"comments" : "asdasdas"
},
{
	"_id" : ObjectId("5d7fa6e7cf9442251021b063"),
	"name" : "2019-mastercraft-x22_122112",
	"email" : "irfanhayat55@gmail.com",
	"phone" : "03235412298",
	"comments" : "fdsfsdfd"
},
{
	"_id" : ObjectId("5d7fa89bcf9442251021b068"),
	"name" : "wasiq",
	"email" : "irfanhayat55@gmail.com",
	"phone" : "03235412298",
	"comments" : "asdsa"
},
{
	"_id" : ObjectId("5d8212c4b8c2b22af4b6999d"),
	"name" : "ali buyer",
	"email" : "hassanali70333@gmail.com",
	"phone" : "0457486456",
	"comments" : "xcxvxcv"
},
{
	"_id" : ObjectId("5d823677b8c2b22af4b699b9"),
	"name" : "wasiq",
	"email" : "irfanhayat55@gmail.com",
	"phone" : "03235412298",
	"comments" : "adasd"
},
{
	"_id" : ObjectId("5da699f0f31d475311a8289b"),
	"name" : "test",
	"email" : "brian@calimarine.com",
	"phone" : "1234567890",
	"comments" : "test"
},
{
	"_id" : ObjectId("5da7034bf4df266c17c70ed3"),
	"name" : "Test",
	"email" : "brian@calimarine.com",
	"phone" : "1234567890",
	"comments" : "Test"
},
{
	"_id" : ObjectId("5da708b1f4df266c17c70ee5"),
	"name" : "Test",
	"email" : "brian@calimarine.com",
	"phone" : "1234567890",
	"comments" : "Test"
},
{
	"_id" : ObjectId("5da70ca8f4df266c17c70ef3"),
	"name" : "yes ",
	"email" : "Hdhdbdb",
	"phone" : "Hxhdbbddb",
	"comments" : "Hdhdbbdbd"
},
{
	"_id" : ObjectId("5da93f62f4df266c17c70faa"),
	"name" : "Brian Hamblin ",
	"email" : "brian@calimarine.com",
	"phone" : "9515530515",
	"comments" : "Test"
},
{
	"_id" : ObjectId("5da94115f4df266c17c70fad"),
	"name" : "Amir",
	"email" : "Amir@marinedealersolutions.com",
	"phone" : "818984001 ",
	"comments" : "Test"
},
{
	"_id" : ObjectId("5da9412ff4df266c17c70fb1"),
	"name" : "Joseph",
	"email" : "joseph@marinedealersolutions.com",
	"phone" : "9164688234",
	"comments" : "Hello"
},
{
	"_id" : ObjectId("5da94539f4df266c17c70fc0"),
	"name" : "Amir",
	"email" : "Amir@marinedealersolutions.com",
	"phone" : "818984001 ",
	"comments" : "Test"
},
{
	"_id" : ObjectId("5da94545f4df266c17c70fc1"),
	"name" : "Amir",
	"email" : "Amir@marinedealersolutions.com",
	"phone" : "818984001 ",
	"comments" : "Test"
},
{
	"_id" : ObjectId("5da94564f4df266c17c70fc2"),
	"name" : "Amir",
	"email" : "Amir@marinedealersolutions.com",
	"phone" : "965444333",
	"comments" : "Test"
},
{
	"_id" : ObjectId("5da96013f4df266c17c70fcb"),
	"name" : "Amir Danaei",
	"email" : "amirdanaei@gmail.com",
	"phone" : "9167161065",
	"comments" : "test"
},
{
	"_id" : ObjectId("5da96099f4df266c17c70fce"),
	"name" : "Moazam Ali",
	"email" : "aasghar551@gmail.com",
	"phone" : "0457486456",
	"comments" : "ji"
},
{
	"_id" : ObjectId("60086f441089706e3ece83d5"),
	"name" : null,
	"email" : "cherylmurr@zoho.com",
	"phone" : "0492 32 54 27",
	"comments" : "Hmm it looks like your site ate my first comment (it was extremely long) so I guess I'll just sum it up what I haad written and say,\r\nI'm thoroughly enjoying your blog. I as well am an aspiring blog bloogger but I'm still neww to everything.\r\n\r\nDo yyou have any suggestkons for inexperienced blog writers?\r\nI'd really appreciate it.\r\nhttps://shlg3pecue.medium.com/narrative-essay-introduction-3fb418e5dff\r\nEssay is a really reasonably reasonably priced essay creating services.\r\n\r\nhelp essay\r\nhelp essay"
},
{
	"_id" : ObjectId("60086f811089706e3ece83d6"),
	"name" : null,
	"email" : "cherylmurr@zoho.com",
	"phone" : "0492 32 54 27",
	"comments" : "Hmm it looks like your site ate my first comment (it was extremely long) so I guess I'll just sum it up what I haad written and say,\r\nI'm thoroughly enjoying your blog. I as well am an aspiring blog bloogger but I'm still neww to everything.\r\n\r\nDo yyou have any suggestkons for inexperienced blog writers?\r\nI'd really appreciate it.\r\nhttps://shlg3pecue.medium.com/narrative-essay-introduction-3fb418e5dff\r\nEssay is a really reasonably reasonably priced essay creating services.\r\n\r\nhelp essay\r\nhelp essay"
},
{
	"_id" : ObjectId("600870361089706e3ece8442"),
	"name" : null,
	"email" : "cherylmurr@zoho.com",
	"phone" : "0492 32 54 27",
	"comments" : "Hmm it looks like your site ate my first comment (it was extremely long) so I guess I'll just sum it up what I haad written and say,\r\nI'm thoroughly enjoying your blog. I as well am an aspiring blog bloogger but I'm still neww to everything.\r\n\r\nDo yyou have any suggestkons for inexperienced blog writers?\r\nI'd really appreciate it.\r\nhttps://shlg3pecue.medium.com/narrative-essay-introduction-3fb418e5dff\r\nEssay is a really reasonably reasonably priced essay creating services.\r\n\r\nhelp essay\r\nhelp essay"
},
{
	"_id" : ObjectId("600870711089706e3ece8443"),
	"name" : null,
	"email" : "cherylmurr@zoho.com",
	"phone" : "0492 32 54 27",
	"comments" : "Hmm it looks like your site ate my first comment (it was extremely long) so I guess I'll just sum it up what I haad written and say,\r\nI'm thoroughly enjoying your blog. I as well am an aspiring blog bloogger but I'm still neww to everything.\r\n\r\nDo yyou have any suggestkons for inexperienced blog writers?\r\nI'd really appreciate it.\r\nhttps://shlg3pecue.medium.com/narrative-essay-introduction-3fb418e5dff\r\nEssay is a really reasonably reasonably priced essay creating services.\r\n\r\nhelp essay\r\nhelp essay"
},
