{
	"_id" : ObjectId("5ec78eb670f8e9e609aab4ce"),
	"calleriq_boat_id" : "5ebc8ddd0ca3fd7df4198f55",
	"boatDescription" : "<p>Fresh in on trade is this highly optioned 2019 X22. Now is the time and luxury performance is the mission. The X22 brings together the best of everything in a 16 passenger, 22 foot package. The tech dash features dual screens for ultimate control. The layout is comfortable and built for those long days on the water. The wake and surf performance will drop jaws thanks to the 3550 pounds of ballast paired with the versatile Gen 2 Surf System. Enjoy the responsive Switchback Ballast Tank. ZFT4 Tower, Surf/Wake Board Racks, Cool Feel, Docking lights, Transom Remote all summer long!</p><p><br></p>",
	"boatPermalink" : "2019-mastercraft-x225ebc8ddd0ca3fd7df4198f55",
	"serial_number" : "",
	"engine_description" : "",
	"hull_type" : "",
	"category" : "Ski/Wakeboard Boat",
	"fuel_type" : "Gas",
	"propulsion_type" : "",
	"boat_condition" : "Used",
	"boat_year" : NumberInt(2019),
	"boat_make" : "Mastercraft",
	"boat_model" : "X22",
	"boatPrice" : NumberInt(137900),
	"boat_msrp" : "",
	"dealer_name" : "",
	"city" : "",
	"state" : "",
	"zip" : "",
	"capacity_weight" : "",
	"buildsheet_url" : "",
	"image_banner" : "",
	"dry_weight" : "",
	"telephone" : "",
	"boatRegularPrice" : "",
	"engine_model" : "Ilmor 6.2",
	"engine_hours" : "158",
	"engine_type" : "",
	"stock_number" : "",
	"is_featured" : "Yes",
	"boat_model_status" : "Pre-Owned",
	"boat_sale_status" : "For Sale",
	"boatTitle" : "2019 Mastercraft X22",
	"boatPublished" : "",
	"boatAddedDate" : NumberInt(-1),
	"boat_class" : "Power",
	"boat_length" : NumberInt(22),
	"beam_length" : "102",
	"boat_type" : "",
	"boat_brand" : "Mastercraft",
	"DM_Length" : "",
	"Received_Date" : "",
	"Status" : "",
	"DM_Type" : "",
	"Final_Amount" : "",
	"Boat_Cost" : "",
	"Calculated_Cost" : "",
	"Calculated_MSRP" : "",
	"Calculated_Price" : "",
	"Engine_Cost" : "",
	"hullId" : "",
	"video_url" : [ ],
	"standard_options" : " ",
	"color_options" : {
		"Red" : "",
		"Black" : "",
		"White" : ""
	},
	"other_options" : [ ],
	"boatImages" : [
		{
			"_id" : ObjectId("600a70ea1089706e3ecf3c1f"),
			"image" : "https://s3.us-east-2.amazonaws.com/callersiq.asset/inventory_uploads/attachment-15893859465472771205ebc1ada87d13.jpg",
			"featured" : NumberInt(1)
		},
		{
			"_id" : ObjectId("600a70ea1089706e3ecf3c20"),
			"image" : "https://s3.us-east-2.amazonaws.com/callersiq.asset/inventory_uploads/attachment-158938594610561484755ebc1ada9f95b.jpg",
			"featured" : NumberInt(0)
		},
		{
			"_id" : ObjectId("600a70ea1089706e3ecf3c21"),
			"image" : "https://s3.us-east-2.amazonaws.com/callersiq.asset/inventory_uploads/attachment-15893859463426917535ebc1adaaee77.jpg",
			"featured" : NumberInt(0)
		},
		{
			"_id" : ObjectId("600a70ea1089706e3ecf3c22"),
			"image" : "https://s3.us-east-2.amazonaws.com/callersiq.asset/inventory_uploads/attachment-15893859463714231475ebc1adabedb2.jpg",
			"featured" : NumberInt(0)
		},
		{
			"_id" : ObjectId("600a70ea1089706e3ecf3c23"),
			"image" : "https://s3.us-east-2.amazonaws.com/callersiq.asset/inventory_uploads/attachment-15893859461176464465ebc1adacc58f.jpg",
			"featured" : NumberInt(0)
		},
		{
			"_id" : ObjectId("600a70ea1089706e3ecf3c24"),
			"image" : "https://s3.us-east-2.amazonaws.com/callersiq.asset/inventory_uploads/attachment-158938594619320977785ebc1adad981b.jpg",
			"featured" : NumberInt(0)
		},
		{
			"_id" : ObjectId("600a70ea1089706e3ecf3c25"),
			"image" : "https://s3.us-east-2.amazonaws.com/callersiq.asset/inventory_uploads/attachment-158938594613384199155ebc1adaec28f.jpg",
			"featured" : NumberInt(0)
		},
		{
			"_id" : ObjectId("600a70ea1089706e3ecf3c26"),
			"image" : "https://s3.us-east-2.amazonaws.com/callersiq.asset/inventory_uploads/attachment-1589385947163020075ebc1adb02436.jpg",
			"featured" : NumberInt(0)
		},
		{
			"_id" : ObjectId("600a70ea1089706e3ecf3c27"),
			"image" : "https://s3.us-east-2.amazonaws.com/callersiq.asset/inventory_uploads/attachment-158938594711366007325ebc1adb10d7c.jpg",
			"featured" : NumberInt(0)
		}
	],
	"productImage" : "https://s3.us-east-2.amazonaws.com/callersiq.asset/inventory_uploads/attachment-15893859465472771205ebc1ada87d13.jpg",
	"get_boat_model" : null
},
{
	"_id" : ObjectId("5ec78eb670f8e9e609aab4ff"),
	"calleriq_boat_id" : "5e2f35ec208def162c3d34d4",
	"boatDescription" : "<p>Versatility and flexibility are important when you want to please the crowd. The XT22 has you covered with seating for 16 and a spacious layout featuring convertible flip seats, and optional SeaDek custom flooring throughout.This XT is also outfitted with MasterCrafts legendary DockStar! Towing torque provided in abundance via the robust Ilmor 6.0L engine. Surf performance powered by the innovative Gen 2 Surf System for ultimate versatility and endlessly custom waves.</p>",
	"boatPermalink" : "2020-mastercraft-xt225e2f35ec208def162c3d34d4",
	"serial_number" : "",
	"engine_description" : "",
	"hull_type" : "",
	"category" : "Ski/Wakeboard Boat",
	"fuel_type" : "Gas",
	"propulsion_type" : "",
	"boat_condition" : "New",
	"boat_year" : NumberInt(2020),
	"boat_make" : "Mastercraft",
	"boat_model" : "XT22",
	"boatPrice" : NaN,
	"boat_msrp" : "",
	"dealer_name" : "",
	"city" : "",
	"state" : "",
	"zip" : "",
	"capacity_weight" : "",
	"buildsheet_url" : "",
	"image_banner" : "",
	"dry_weight" : "",
	"telephone" : "",
	"boatRegularPrice" : "",
	"engine_model" : "Ilmore 6.0L",
	"engine_hours" : "",
	"engine_type" : "",
	"stock_number" : "",
	"is_featured" : "Yes",
	"boat_model_status" : "New Model",
	"boat_sale_status" : "For Sale",
	"boatTitle" : "2020 Mastercraft XT22",
	"boatPublished" : "",
	"boatAddedDate" : NumberInt(-1),
	"boat_class" : "Power",
	"boat_length" : NumberInt(22),
	"beam_length" : "102",
	"boat_type" : "",
	"boat_brand" : "Mastercraft",
	"DM_Length" : "",
	"Received_Date" : "",
	"Status" : "",
	"DM_Type" : "",
	"Final_Amount" : "",
	"Boat_Cost" : "",
	"Calculated_Cost" : "",
	"Calculated_MSRP" : "",
	"Calculated_Price" : "",
	"Engine_Cost" : "",
	"hullId" : "",
	"video_url" : [ ],
	"standard_options" : " ",
	"color_options" : {
		"Viper Red/White" : ""
	},
	"other_options" : [ ],
	"boatImages" : [
		{
			"_id" : ObjectId("600a70ea1089706e3ecf3c28"),
			"image" : "https://s3.us-east-2.amazonaws.com/callersiq.asset/inventory_uploads/attachment-15801642149342131945e2f6476ae5fb.jpg",
			"featured" : NumberInt(1)
		},
		{
			"_id" : ObjectId("600a70ea1089706e3ecf3c29"),
			"image" : "https://s3.us-east-2.amazonaws.com/callersiq.asset/inventory_uploads/attachment-15801642142884068365e2f6476bc1a9.JPG",
			"featured" : NumberInt(0)
		},
		{
			"_id" : ObjectId("600a70ea1089706e3ecf3c2a"),
			"image" : "https://s3.us-east-2.amazonaws.com/callersiq.asset/inventory_uploads/attachment-158016421419389571555e2f6476c8a2e.JPG",
			"featured" : NumberInt(0)
		},
		{
			"_id" : ObjectId("600a70ea1089706e3ecf3c2b"),
			"image" : "https://s3.us-east-2.amazonaws.com/callersiq.asset/inventory_uploads/attachment-158016421417452224485e2f6476d25fc.JPG",
			"featured" : NumberInt(0)
		},
		{
			"_id" : ObjectId("600a70ea1089706e3ecf3c2c"),
			"image" : "https://s3.us-east-2.amazonaws.com/callersiq.asset/inventory_uploads/attachment-158016421417827081125e2f6476e516f.JPG",
			"featured" : NumberInt(0)
		},
		{
			"_id" : ObjectId("600a70ea1089706e3ecf3c2d"),
			"image" : "https://s3.us-east-2.amazonaws.com/callersiq.asset/inventory_uploads/attachment-158016421511994573995e2f647705403.JPG",
			"featured" : NumberInt(0)
		},
		{
			"_id" : ObjectId("600a70ea1089706e3ecf3c2e"),
			"image" : "https://s3.us-east-2.amazonaws.com/callersiq.asset/inventory_uploads/attachment-15801642153967713585e2f64771468a.JPG",
			"featured" : NumberInt(0)
		},
		{
			"_id" : ObjectId("600a70ea1089706e3ecf3c2f"),
			"image" : "https://s3.us-east-2.amazonaws.com/callersiq.asset/inventory_uploads/attachment-15801642156404590345e2f64771fe65.JPG",
			"featured" : NumberInt(0)
		},
		{
			"_id" : ObjectId("600a70ea1089706e3ecf3c30"),
			"image" : "https://s3.us-east-2.amazonaws.com/callersiq.asset/inventory_uploads/attachment-158016421517452427175e2f64772e622.JPG",
			"featured" : NumberInt(0)
		},
		{
			"_id" : ObjectId("600a70ea1089706e3ecf3c31"),
			"image" : "https://s3.us-east-2.amazonaws.com/callersiq.asset/inventory_uploads/attachment-158016421517871133225e2f6477388b1.JPG",
			"featured" : NumberInt(0)
		}
	],
	"productImage" : "https://s3.us-east-2.amazonaws.com/callersiq.asset/inventory_uploads/attachment-15801642149342131945e2f6476ae5fb.jpg",
	"get_boat_model" : null
},
{
	"_id" : ObjectId("5f0ffa4b70f8e9e609398c16"),
	"calleriq_boat_id" : "5f0f9eb2d40c4603520be083",
	"boatDescription" : "<p>Looking for more room and more thrills? Meet the latest addition to the MasterCraft lineup, the NXT24. With room for 16, the NXT24 is built for those who want a massive 24 feet of lake-lounging luxury. Surf, rip and repeat with the award-winning GEN2 Surf System and dock like a pro with the available DockStar Handling package. Bring the party, turn heads, and rule the water in the NXT24, MasterCraft’s latest way to live large.</p><p><br></p>",
	"boatPermalink" : "2021-mastercraft-nxt245f0f9eb2d40c4603520be083",
	"serial_number" : "",
	"engine_description" : "",
	"hull_type" : "",
	"category" : "Ski/Wakeboard Boat",
	"fuel_type" : "Gas",
	"propulsion_type" : "",
	"boat_condition" : "New",
	"boat_year" : NumberInt(2021),
	"boat_make" : "Mastercraft",
	"boat_model" : "NXT24",
	"boatPrice" : NumberInt(98995),
	"boat_msrp" : "",
	"dealer_name" : "",
	"city" : "",
	"state" : "",
	"zip" : "",
	"capacity_weight" : "",
	"buildsheet_url" : "",
	"image_banner" : "",
	"dry_weight" : "",
	"telephone" : "",
	"boatRegularPrice" : "",
	"engine_model" : "Ilmor 6.0L",
	"engine_hours" : "",
	"engine_type" : "",
	"stock_number" : "",
	"is_featured" : "No",
	"boat_model_status" : "New Model",
	"boat_sale_status" : "For Sale",
	"boatTitle" : "2021 Mastercraft NXT24",
	"boatPublished" : "",
	"boatAddedDate" : NumberInt(-1),
	"boat_class" : "Power",
	"boat_length" : NumberInt(24),
	"beam_length" : "102",
	"boat_type" : "",
	"boat_brand" : "Mastercraft",
	"DM_Length" : "",
	"Received_Date" : "",
	"Status" : "",
	"DM_Type" : "",
	"Final_Amount" : "",
	"Boat_Cost" : "",
	"Calculated_Cost" : "",
	"Calculated_MSRP" : "",
	"Calculated_Price" : "",
	"Engine_Cost" : "",
	"hullId" : "",
	"video_url" : [ ],
	"standard_options" : " ",
	"color_options" : [ ],
	"other_options" : [ ],
	"boatImages" : [
		{
			"_id" : ObjectId("600a70ea1089706e3ecf3c1a"),
			"image" : "https://s3.us-east-2.amazonaws.com/callersiq.asset/inventory_uploads/attachment-159485916011297153525f0f9e98df598.png",
			"featured" : NumberInt(1)
		},
		{
			"_id" : ObjectId("600a70ea1089706e3ecf3c1b"),
			"image" : "https://s3.us-east-2.amazonaws.com/callersiq.asset/inventory_uploads/attachment-159485916421197842725f0f9e9c39109.png",
			"featured" : NumberInt(0)
		},
		{
			"_id" : ObjectId("600a70ea1089706e3ecf3c1c"),
			"image" : "https://s3.us-east-2.amazonaws.com/callersiq.asset/inventory_uploads/attachment-1594859166335169035f0f9e9e225bb.png",
			"featured" : NumberInt(0)
		},
		{
			"_id" : ObjectId("600a70ea1089706e3ecf3c1d"),
			"image" : "https://s3.us-east-2.amazonaws.com/callersiq.asset/inventory_uploads/attachment-159485917514487725105f0f9ea7190dd.png",
			"featured" : NumberInt(0)
		},
		{
			"_id" : ObjectId("600a70ea1089706e3ecf3c1e"),
			"image" : "https://s3.us-east-2.amazonaws.com/callersiq.asset/inventory_uploads/attachment-159485917710601152325f0f9ea96cc1c.png",
			"featured" : NumberInt(0)
		}
	],
	"productImage" : "https://s3.us-east-2.amazonaws.com/callersiq.asset/inventory_uploads/attachment-159485916011297153525f0f9e98df598.png",
	"get_boat_model" : null
},
{
	"_id" : ObjectId("5f151be270f8e9e60951d368"),
	"calleriq_boat_id" : "5f10c5c00eb4dd10743c6754",
	"boatDescription" : "<p>The MasterCraft NXT20 is 20 feet of pure summer sunshine. Its compact size is garage-friendly, and holds 11 people inside the roomy new interior. Extensively updated for 2020, including an Ilmor 6.0L engine (60 more horsepower) and the incredibly versatile Gen 2 Surf System....the standard features list has everything you need to rule the lake and ski, wakeboard, and surf with style.</p>",
	"boatPermalink" : "2021-mastercraft-nxt205f10c5c00eb4dd10743c6754",
	"serial_number" : "",
	"engine_description" : "",
	"hull_type" : "",
	"category" : "Ski/Wakeboard Boat",
	"fuel_type" : "Gas",
	"propulsion_type" : "",
	"boat_condition" : "New",
	"boat_year" : NumberInt(2021),
	"boat_make" : "Mastercraft",
	"boat_model" : "NXT20",
	"boatPrice" : NumberInt(82995),
	"boat_msrp" : "",
	"dealer_name" : "",
	"city" : "",
	"state" : "",
	"zip" : "",
	"capacity_weight" : "",
	"buildsheet_url" : "",
	"image_banner" : "",
	"dry_weight" : "",
	"telephone" : "",
	"boatRegularPrice" : "",
	"engine_model" : "Ilmore 6.0L",
	"engine_hours" : "",
	"engine_type" : "",
	"stock_number" : "",
	"is_featured" : "No",
	"boat_model_status" : "New Model",
	"boat_sale_status" : "For Sale",
	"boatTitle" : "2021 Mastercraft NXT20",
	"boatPublished" : "",
	"boatAddedDate" : NumberInt(-1),
	"boat_class" : "Power",
	"boat_length" : NumberInt(20),
	"beam_length" : "96",
	"boat_type" : "",
	"boat_brand" : "Mastercraft",
	"DM_Length" : "",
	"Received_Date" : "",
	"Status" : "",
	"DM_Type" : "",
	"Final_Amount" : "",
	"Boat_Cost" : "",
	"Calculated_Cost" : "",
	"Calculated_MSRP" : "",
	"Calculated_Price" : "",
	"Engine_Cost" : "",
	"hullId" : "",
	"video_url" : [ ],
	"standard_options" : " ",
	"color_options" : [ ],
	"other_options" : [ ],
	"boatImages" : [
		{
			"_id" : ObjectId("600a70ea1089706e3ecf3c14"),
			"image" : "https://s3.us-east-2.amazonaws.com/callersiq.asset/inventory_uploads/attachment-159493470316487706585f10c5afdba91.jpeg",
			"featured" : NumberInt(1)
		},
		{
			"_id" : ObjectId("600a70ea1089706e3ecf3c15"),
			"image" : "https://s3.us-east-2.amazonaws.com/callersiq.asset/inventory_uploads/attachment-15949347051087066265f10c5b18e7e1.jpeg",
			"featured" : NumberInt(0)
		},
		{
			"_id" : ObjectId("600a70ea1089706e3ecf3c16"),
			"image" : "https://s3.us-east-2.amazonaws.com/callersiq.asset/inventory_uploads/attachment-15949347095039297805f10c5b518585.jpeg",
			"featured" : NumberInt(0)
		},
		{
			"_id" : ObjectId("600a70ea1089706e3ecf3c17"),
			"image" : "https://s3.us-east-2.amazonaws.com/callersiq.asset/inventory_uploads/attachment-15949347108813479625f10c5b6df07e.jpeg",
			"featured" : NumberInt(0)
		},
		{
			"_id" : ObjectId("600a70ea1089706e3ecf3c18"),
			"image" : "https://s3.us-east-2.amazonaws.com/callersiq.asset/inventory_uploads/attachment-159493471414712673135f10c5ba00f28.jpeg",
			"featured" : NumberInt(0)
		},
		{
			"_id" : ObjectId("600a70ea1089706e3ecf3c19"),
			"image" : "https://s3.us-east-2.amazonaws.com/callersiq.asset/inventory_uploads/attachment-15949347159385192815f10c5bbae368.jpeg",
			"featured" : NumberInt(0)
		}
	],
	"productImage" : "https://s3.us-east-2.amazonaws.com/callersiq.asset/inventory_uploads/attachment-159493470316487706585f10c5afdba91.jpeg",
	"get_boat_model" : null
},
{
	"_id" : ObjectId("5f2850a370f8e9e609b029e6"),
	"calleriq_boat_id" : "5f285006ec22e244a1777955",
	"boatDescription" : "<p>Surf, ski or wake? No problem. The 22RZX can pick up whatever you're throwing down. Boasting the largest and most intuitive <a href=\"https://www.tige.com/boats/22-rzx/features/tige-clear\">TOUCH SCREEN</a>, the GO System powered by <a href=\"https://www.tige.com/boats/22-rzx/features/taps-3t\">TAPS 3T</a>, and intelligent <a href=\"https://www.tige.com/boats/22-rzx/features/smart-wheel\">SMART WHEEL</a> controls, the 22RZX is truly a complete innovation. It’s ready... are you?</p>",
	"boatPermalink" : "2020-tige-22-rzx5f285006ec22e244a1777955",
	"serial_number" : "",
	"engine_description" : "",
	"hull_type" : "",
	"category" : "Ski/Wakeboard Boat",
	"fuel_type" : "Gas",
	"propulsion_type" : "",
	"boat_condition" : "Used",
	"boat_year" : NumberInt(2020),
	"boat_make" : "Tige",
	"boat_model" : "22 RZX",
	"boatPrice" : NumberInt(117900),
	"boat_msrp" : "",
	"dealer_name" : "",
	"city" : "",
	"state" : "",
	"zip" : "",
	"capacity_weight" : "",
	"buildsheet_url" : "",
	"image_banner" : "",
	"dry_weight" : "",
	"telephone" : "",
	"boatRegularPrice" : "",
	"engine_model" : "Indmar 6.2L Raptor",
	"engine_hours" : "34",
	"engine_type" : "",
	"stock_number" : "",
	"is_featured" : "Yes",
	"boat_model_status" : "Pre-Owned",
	"boat_sale_status" : "For Sale",
	"boatTitle" : "2020 Tige 22 RZX",
	"boatPublished" : "",
	"boatAddedDate" : NumberInt(-1),
	"boat_class" : "Power",
	"boat_length" : NumberInt(22),
	"beam_length" : "102",
	"boat_type" : "",
	"boat_brand" : "Tige",
	"DM_Length" : "",
	"Received_Date" : "",
	"Status" : "",
	"DM_Type" : "",
	"Final_Amount" : "",
	"Boat_Cost" : "",
	"Calculated_Cost" : "",
	"Calculated_MSRP" : "",
	"Calculated_Price" : "",
	"Engine_Cost" : "",
	"hullId" : "",
	"video_url" : [ ],
	"standard_options" : " ",
	"color_options" : {
		"White " : "",
		"Tan" : ""
	},
	"other_options" : [ ],
	"boatImages" : [
		{
			"_id" : ObjectId("600a70ea1089706e3ecf3c0b"),
			"image" : "https://s3.us-east-2.amazonaws.com/callersiq.asset/inventory_uploads/attachment-159647737410013142945f284fbe00608.jpg",
			"featured" : NumberInt(1)
		},
		{
			"_id" : ObjectId("600a70ea1089706e3ecf3c0c"),
			"image" : "https://s3.us-east-2.amazonaws.com/callersiq.asset/inventory_uploads/attachment-159647737818094419685f284fc2796ce.jpg",
			"featured" : NumberInt(0)
		},
		{
			"_id" : ObjectId("600a70ea1089706e3ecf3c0d"),
			"image" : "https://s3.us-east-2.amazonaws.com/callersiq.asset/inventory_uploads/attachment-15964773831556089155f284fc7968f3.jpg",
			"featured" : NumberInt(0)
		},
		{
			"_id" : ObjectId("600a70ea1089706e3ecf3c0e"),
			"image" : "https://s3.us-east-2.amazonaws.com/callersiq.asset/inventory_uploads/attachment-159647738610787248525f284fca3177d.jpg",
			"featured" : NumberInt(0)
		},
		{
			"_id" : ObjectId("600a70ea1089706e3ecf3c0f"),
			"image" : "https://s3.us-east-2.amazonaws.com/callersiq.asset/inventory_uploads/attachment-159647739017982738405f284fceae45f.jpg",
			"featured" : NumberInt(0)
		},
		{
			"_id" : ObjectId("600a70ea1089706e3ecf3c10"),
			"image" : "https://s3.us-east-2.amazonaws.com/callersiq.asset/inventory_uploads/attachment-159647739310970697525f284fd12d1a1.jpg",
			"featured" : NumberInt(0)
		},
		{
			"_id" : ObjectId("600a70ea1089706e3ecf3c11"),
			"image" : "https://s3.us-east-2.amazonaws.com/callersiq.asset/inventory_uploads/attachment-15964773973357366085f284fd5a91f5.jpg",
			"featured" : NumberInt(0)
		},
		{
			"_id" : ObjectId("600a70ea1089706e3ecf3c12"),
			"image" : "https://s3.us-east-2.amazonaws.com/callersiq.asset/inventory_uploads/attachment-159647739920395609965f284fd7b31d2.jpg",
			"featured" : NumberInt(0)
		},
		{
			"_id" : ObjectId("600a70ea1089706e3ecf3c13"),
			"image" : "https://s3.us-east-2.amazonaws.com/callersiq.asset/inventory_uploads/attachment-15964774052154860035f284fdd51eef.jpg",
			"featured" : NumberInt(0)
		}
	],
	"productImage" : "https://s3.us-east-2.amazonaws.com/callersiq.asset/inventory_uploads/attachment-159647737410013142945f284fbe00608.jpg",
	"get_boat_model" : null
},
{
	"_id" : ObjectId("5f46adad70f8e9e609517428"),
	"calleriq_boat_id" : "5f46acecc25b9373c05264a6",
	"boatDescription" : "<p>The <a href=\"http://www.mastercraft.com/\" target=\"_blank\">MasterCraft</a> <a href=\"http://www.mastercraft.com/boat/detail/x30?lnk=wakbbg15&loc=rightnav\" target=\"_blank\">X30</a> is MasterCraft's best selling boat for a reason: it does everything at a high level and it's really user friendly. Performance on the X30 is advanced and versatile. This boat surfs and wakeboards as well as it drives. It really has no weak point and that's something very few boats can say. Seating is also exemplary.</p><p>This boat is loaded with options and was very well cared for. Wet Sound tower speakers, Strapless board racks,ZFT4 Tower, Ilmor 6.0L</p>",
	"boatPermalink" : "2015-mastercraft--x305f46acecc25b9373c05264a6",
	"serial_number" : "",
	"engine_description" : "",
	"hull_type" : "",
	"category" : "Ski/Wakeboard Boat",
	"fuel_type" : "Gas",
	"propulsion_type" : "",
	"boat_condition" : "Used",
	"boat_year" : NumberInt(2015),
	"boat_make" : "Mastercraft ",
	"boat_model" : "X30",
	"boatPrice" : NumberInt(86900),
	"boat_msrp" : "",
	"dealer_name" : "",
	"city" : "",
	"state" : "",
	"zip" : "",
	"capacity_weight" : "",
	"buildsheet_url" : "",
	"image_banner" : "",
	"dry_weight" : "",
	"telephone" : "",
	"boatRegularPrice" : "",
	"engine_model" : "ILMORE 6.0L",
	"engine_hours" : "321",
	"engine_type" : "",
	"stock_number" : "",
	"is_featured" : "Yes",
	"boat_model_status" : "Pre-Owned",
	"boat_sale_status" : "For Sale",
	"boatTitle" : "2015 Mastercraft  X30",
	"boatPublished" : "",
	"boatAddedDate" : NumberInt(-1),
	"boat_class" : "Power",
	"boat_length" : NumberInt(23),
	"beam_length" : "102",
	"boat_type" : "",
	"boat_brand" : "Mastercraft ",
	"DM_Length" : "",
	"Received_Date" : "",
	"Status" : "",
	"DM_Type" : "",
	"Final_Amount" : "",
	"Boat_Cost" : "",
	"Calculated_Cost" : "",
	"Calculated_MSRP" : "",
	"Calculated_Price" : "",
	"Engine_Cost" : "",
	"hullId" : "",
	"video_url" : [ ],
	"standard_options" : " ",
	"color_options" : {
		"Orange" : "",
		"Black" : "",
		"Silver Flake" : ""
	},
	"other_options" : [ ],
	"boatImages" : [
		{
			"_id" : ObjectId("600a70ea1089706e3ecf3c03"),
			"image" : "https://s3.us-east-2.amazonaws.com/callersiq.asset/inventory_uploads/attachment-159846720314395885475f46ac83afa6c.jpg",
			"featured" : NumberInt(1)
		},
		{
			"_id" : ObjectId("600a70ea1089706e3ecf3c04"),
			"image" : "https://s3.us-east-2.amazonaws.com/callersiq.asset/inventory_uploads/attachment-159846720514741014345f46ac8546601.jpg",
			"featured" : NumberInt(0)
		},
		{
			"_id" : ObjectId("600a70ea1089706e3ecf3c05"),
			"image" : "https://s3.us-east-2.amazonaws.com/callersiq.asset/inventory_uploads/attachment-15984672083452705855f46ac880a243.jpg",
			"featured" : NumberInt(0)
		},
		{
			"_id" : ObjectId("600a70ea1089706e3ecf3c06"),
			"image" : "https://s3.us-east-2.amazonaws.com/callersiq.asset/inventory_uploads/attachment-15984672112660255055f46ac8b95e71.jpg",
			"featured" : NumberInt(0)
		},
		{
			"_id" : ObjectId("600a70ea1089706e3ecf3c07"),
			"image" : "https://s3.us-east-2.amazonaws.com/callersiq.asset/inventory_uploads/attachment-159846721314501105295f46ac8d0abac.jpg",
			"featured" : NumberInt(0)
		},
		{
			"_id" : ObjectId("600a70ea1089706e3ecf3c08"),
			"image" : "https://s3.us-east-2.amazonaws.com/callersiq.asset/inventory_uploads/attachment-159846721914305697435f46ac936d55d.jpg",
			"featured" : NumberInt(0)
		},
		{
			"_id" : ObjectId("600a70ea1089706e3ecf3c09"),
			"image" : "https://s3.us-east-2.amazonaws.com/callersiq.asset/inventory_uploads/attachment-159846722219229828865f46ac9626d7d.jpg",
			"featured" : NumberInt(0)
		},
		{
			"_id" : ObjectId("600a70ea1089706e3ecf3c0a"),
			"image" : "https://s3.us-east-2.amazonaws.com/callersiq.asset/inventory_uploads/attachment-15984672249666373175f46ac9856d34.jpg",
			"featured" : NumberInt(0)
		}
	],
	"productImage" : "https://s3.us-east-2.amazonaws.com/callersiq.asset/inventory_uploads/attachment-159846720314395885475f46ac83afa6c.jpg",
	"get_boat_model" : null
},
{
	"_id" : ObjectId("5f878d7d70f8e9e609ecc2f0"),
	"calleriq_boat_id" : "5f878d063064b7268e7b57b4",
	"boatDescription" : "<p>This 2021 XT25 will be on its way to our dealership in the coming weeks. Meet the life of the party with seating for 18 people. The award-winning GEN2 Surf System lets you dial in everyone’s perfect wave at the push of a button. Bring skis, board sand the whole crew because the XT25 is ready for serious fun.</p>",
	"boatPermalink" : "2021-mastercraft-xt255f878d063064b7268e7b57b4",
	"serial_number" : "",
	"engine_description" : "",
	"hull_type" : "",
	"category" : "Ski/Wakeboard Boat",
	"fuel_type" : "Gas",
	"propulsion_type" : "",
	"boat_condition" : "New",
	"boat_year" : NumberInt(2021),
	"boat_make" : "Mastercraft",
	"boat_model" : "XT25",
	"boatPrice" : NaN,
	"boat_msrp" : "",
	"dealer_name" : "",
	"city" : "",
	"state" : "",
	"zip" : "",
	"capacity_weight" : "",
	"buildsheet_url" : "",
	"image_banner" : "",
	"dry_weight" : "",
	"telephone" : "",
	"boatRegularPrice" : "",
	"engine_model" : "6.2 Ilmor GDI",
	"engine_hours" : "",
	"engine_type" : "",
	"stock_number" : "",
	"is_featured" : "No",
	"boat_model_status" : "New Model",
	"boat_sale_status" : "For Sale",
	"boatTitle" : "2021 Mastercraft XT25",
	"boatPublished" : "",
	"boatAddedDate" : NumberInt(-1),
	"boat_class" : "Power",
	"boat_length" : NumberInt(25),
	"beam_length" : "102",
	"boat_type" : "",
	"boat_brand" : "Mastercraft",
	"DM_Length" : "",
	"Received_Date" : "",
	"Status" : "",
	"DM_Type" : "",
	"Final_Amount" : "",
	"Boat_Cost" : "",
	"Calculated_Cost" : "",
	"Calculated_MSRP" : "",
	"Calculated_Price" : "",
	"Engine_Cost" : "",
	"hullId" : "",
	"video_url" : [ ],
	"standard_options" : [
		"Navy Flake ",
		"White",
		"Cloud Grey CoolFeel",
		"Navy CoolFeel "
	],
	"color_options" : [ ],
	"other_options" : [ ],
	"boatImages" : [
		{
			"_id" : ObjectId("600a70ea1089706e3ecf3c01"),
			"image" : "https://s3.us-east-2.amazonaws.com/callersiq.asset/inventory_uploads/attachment-160271891120793410875f878cbfac7f7.PNG",
			"featured" : NumberInt(1)
		},
		{
			"_id" : ObjectId("600a70ea1089706e3ecf3c02"),
			"image" : "https://s3.us-east-2.amazonaws.com/callersiq.asset/inventory_uploads/attachment-160271891520457751745f878cc3a59c5.PNG",
			"featured" : NumberInt(0)
		}
	],
	"productImage" : "https://s3.us-east-2.amazonaws.com/callersiq.asset/inventory_uploads/attachment-160271891120793410875f878cbfac7f7.PNG",
	"get_boat_model" : null
},
{
	"_id" : ObjectId("5f8885ee70f8e9e6094beadf"),
	"calleriq_boat_id" : "5f8885985276ac4f53260a16",
	"boatDescription" : "<p>This 2021 XT23 will be on its way to our dealership in the coming weeks.</p><p>With room for 16 and plenty of plush seating, the XT23 is ready to take your season to the next level. DECKadence custom flooring runs from bow to stern,and overhead, your Klipsch speakers crank concert quality sound atop the ZFT4 Tower. The GEN2 Surf System and 2,600 pounds of ballast ensure non stop action behind the boat.</p>",
	"boatPermalink" : "2021-mastercraft-xt235f8885985276ac4f53260a16",
	"serial_number" : "",
	"engine_description" : "",
	"hull_type" : "",
	"category" : "Ski/Wakeboard Boat",
	"fuel_type" : "Gas",
	"propulsion_type" : "",
	"boat_condition" : "New",
	"boat_year" : NumberInt(2021),
	"boat_make" : "Mastercraft",
	"boat_model" : "XT23",
	"boatPrice" : NaN,
	"boat_msrp" : "",
	"dealer_name" : "",
	"city" : "",
	"state" : "",
	"zip" : "",
	"capacity_weight" : "",
	"buildsheet_url" : "",
	"image_banner" : "",
	"dry_weight" : "",
	"telephone" : "",
	"boatRegularPrice" : "",
	"engine_model" : "Ilmor 6.0",
	"engine_hours" : "",
	"engine_type" : "",
	"stock_number" : "",
	"is_featured" : "No",
	"boat_model_status" : "New Model",
	"boat_sale_status" : "For Sale",
	"boatTitle" : "2021 Mastercraft XT23",
	"boatPublished" : "",
	"boatAddedDate" : NumberInt(-1),
	"boat_class" : "Power",
	"boat_length" : NumberInt(22),
	"beam_length" : "102",
	"boat_type" : "",
	"boat_brand" : "Mastercraft",
	"DM_Length" : "",
	"Received_Date" : "",
	"Status" : "",
	"DM_Type" : "",
	"Final_Amount" : "",
	"Boat_Cost" : "",
	"Calculated_Cost" : "",
	"Calculated_MSRP" : "",
	"Calculated_Price" : "",
	"Engine_Cost" : "",
	"hullId" : "",
	"video_url" : [ ],
	"standard_options" : " ",
	"color_options" : {
		"Gunmetal Flake" : "",
		"Jetstream Blue" : "",
		"Jet Stream Blue" : "",
		"White/Black" : "",
		"White  " : ""
	},
	"other_options" : [ ],
	"boatImages" : [
		{
			"_id" : ObjectId("600a70ea1089706e3ecf3bff"),
			"image" : "https://s3.us-east-2.amazonaws.com/callersiq.asset/inventory_uploads/attachment-16027826041201428655f88858c208d0.PNG",
			"featured" : NumberInt(1)
		},
		{
			"_id" : ObjectId("600a70ea1089706e3ecf3c00"),
			"image" : "https://s3.us-east-2.amazonaws.com/callersiq.asset/inventory_uploads/attachment-16027826072786744175f88858f44001.PNG",
			"featured" : NumberInt(0)
		}
	],
	"productImage" : "https://s3.us-east-2.amazonaws.com/callersiq.asset/inventory_uploads/attachment-16027826041201428655f88858c208d0.PNG",
	"get_boat_model" : null
},
{
	"_id" : ObjectId("5f8e23d170f8e9e609735a6f"),
	"calleriq_boat_id" : "5f8e23b526bc726a067e3b44",
	"boatDescription" : "<h1>ROOM FOR EVERYONE AND READY FOR EVERYTHING</h1><p>Meet the sweet spot between parties on board and activities overboard. The XT22 has you covered with room for 16 and a spacious layout featuring flip seats, a flip-up transom seat and SeaDek custom flooring throughout. Ready to hit the water? The robust Ilmor 6.0L engine provides plenty of towing torque, while the GEN2 Surf System delivers endlessly custom waves.</p>",
	"boatPermalink" : "2021-mastercraft-xt225f8e23b526bc726a067e3b44",
	"serial_number" : "",
	"engine_description" : "",
	"hull_type" : "",
	"category" : "Ski/Wakeboard Boat",
	"fuel_type" : "Gas",
	"propulsion_type" : "",
	"boat_condition" : "New",
	"boat_year" : NumberInt(2021),
	"boat_make" : "Mastercraft",
	"boat_model" : "XT22",
	"boatPrice" : NaN,
	"boat_msrp" : "",
	"dealer_name" : "",
	"city" : "",
	"state" : "",
	"zip" : "",
	"capacity_weight" : "",
	"buildsheet_url" : "",
	"image_banner" : "",
	"dry_weight" : "",
	"telephone" : "",
	"boatRegularPrice" : "",
	"engine_model" : "Ilmor 6.0L",
	"engine_hours" : "",
	"engine_type" : "",
	"stock_number" : "",
	"is_featured" : "No",
	"boat_model_status" : "New Model",
	"boat_sale_status" : "For Sale",
	"boatTitle" : "2021 Mastercraft XT22",
	"boatPublished" : "",
	"boatAddedDate" : NumberInt(-1),
	"boat_class" : "Power",
	"boat_length" : NumberInt(22),
	"beam_length" : "102",
	"boat_type" : "",
	"boat_brand" : "Mastercraft",
	"DM_Length" : "",
	"Received_Date" : "",
	"Status" : "",
	"DM_Type" : "",
	"Final_Amount" : "",
	"Boat_Cost" : "",
	"Calculated_Cost" : "",
	"Calculated_MSRP" : "",
	"Calculated_Price" : "",
	"Engine_Cost" : "",
	"hullId" : "",
	"video_url" : [ ],
	"standard_options" : " ",
	"color_options" : {
		"Slate Grey" : "",
		"Jet Stream Blue" : "",
		"Coolfeel Cloud Grey " : ""
	},
	"other_options" : [ ],
	"boatImages" : [
		{
			"_id" : ObjectId("600a70ea1089706e3ecf3bfd"),
			"image" : "https://s3.us-east-2.amazonaws.com/callersiq.asset/inventory_uploads/attachment-160315076220350805145f8e23aa8185d.PNG",
			"featured" : NumberInt(1)
		},
		{
			"_id" : ObjectId("600a70ea1089706e3ecf3bfe"),
			"image" : "https://s3.us-east-2.amazonaws.com/callersiq.asset/inventory_uploads/attachment-160315076418701382235f8e23ac8557d.PNG",
			"featured" : NumberInt(0)
		}
	],
	"productImage" : "https://s3.us-east-2.amazonaws.com/callersiq.asset/inventory_uploads/attachment-160315076220350805145f8e23aa8185d.PNG",
	"get_boat_model" : null
},
{
	"_id" : ObjectId("5fc7e689ce9ab72702dd08fd"),
	"calleriq_boat_id" : "5fc7e6057bd4193d40460523",
	"boatDescription" : "<h1>WELCOME TO ELITE</h1><p>The 2021 X22 provides the perfect combination of refined onboard features and supreme surf performance. Enjoy the best of everything in a 16-passenger, 22-foot wake boat package. A massive 3550 pounds of ballast, standard 6.2L engine and the GEN2 Surf System deliver unmatched waves and wakes for every rider. Luxurious onboard amenities like the dual-screen dash, flip-down bow armrests and optional transom lounge seats and leg rests ensure every day on the water is epic and comfortable.</p>",
	"boatPermalink" : "2021-mastercraft-x225fc7e6057bd4193d40460523",
	"serial_number" : "MBCPGEH9J021",
	"engine_description" : "",
	"hull_type" : "",
	"category" : "Ski/Wakeboard Boat",
	"fuel_type" : "Gas",
	"propulsion_type" : "",
	"boat_condition" : "New",
	"boat_year" : NumberInt(2021),
	"boat_make" : "Mastercraft",
	"boat_model" : "X22",
	"boatPrice" : NaN,
	"boat_msrp" : "",
	"dealer_name" : "",
	"city" : "",
	"state" : "",
	"zip" : "",
	"capacity_weight" : "",
	"buildsheet_url" : "",
	"image_banner" : "",
	"dry_weight" : "",
	"telephone" : "",
	"boatRegularPrice" : "",
	"engine_model" : "6.2L GDI 2.00:1 68IV 21 VD ILMOR",
	"engine_hours" : "",
	"engine_type" : "",
	"stock_number" : "",
	"is_featured" : "Yes",
	"boat_model_status" : "New Model",
	"boat_sale_status" : "For Sale",
	"boatTitle" : "2021 Mastercraft X22",
	"boatPublished" : "",
	"boatAddedDate" : NumberInt(-1),
	"boat_class" : "Power",
	"boat_length" : NumberInt(22),
	"beam_length" : "102",
	"boat_type" : "",
	"boat_brand" : "Mastercraft",
	"DM_Length" : "",
	"Received_Date" : "",
	"Status" : "",
	"DM_Type" : "",
	"Final_Amount" : "",
	"Boat_Cost" : "",
	"Calculated_Cost" : "",
	"Calculated_MSRP" : "",
	"Calculated_Price" : "",
	"Engine_Cost" : "",
	"hullId" : "MBCPGEH9J021",
	"video_url" : [ ],
	"standard_options" : [
		"ENGINE - ILMOR 6.2L GDI V-DRIVE - 2:1",
		"V3 Pro Wake Propeller",
		"Standard Exhaust",
		"Wireless Phone Charger",
		"Removable Snap-In Carpet - Gray",
		"Removable Snap-In Carpet - Brown (Only Available When Base 1 Vinyl is Beach Tan",
		" Coconut Brown",
		" Oyster Beige",
		"Custom Topstitch Thread Color",
		"Custom Lighting Color (Blue",
		" Red",
		" Green)",
		"Billet Glovebox Lid",
		"Steering Wheel",
		" Four Spoke",
		" Unidirectional",
		" Brushed",
		"Walk-Thru Door - Billet Aluminum",
		"Cleats - Bow",
		"Cleats - Midship",
		"Cleats - Stern",
		"Cooler - 36qt",
		"Cooler Stay",
		"MasterView Seat Bolster (driver)",
		"Teak Platform",
		"Folding Platform Brackets",
		"Advanced Audio Package - 4 Klipsch 8.5Andquot; Speakers",
		" 11Andquot; Sub",
		" 5-CH Amp",
		" DSP Module",
		"iPod USB Jack",
		"Gunnel Trim - Black w/ Stainless Steel",
		"Rack and Pinion Steering w/ Tilt Helm",
		"Thru-Hulls Chrome",
		"Windshield",
		" Brushed Aluminum Header",
		"Sea Strainer",
		"Fire Extinguisher",
		"Quad Hard Tank Ballast System",
		"Pylon",
		" Fixed",
		"Strut - PureFlow",
		"Multi-Gauge 3-in-1 System (Fuel",
		" Oil Pressure",
		" Engine Temp)",
		"Speedometer",
		"Tachometer",
		"7Andquot; Touchscreen Dash",
		"Zero Off Speed Control System (integrated into display)",
		"Depth Finder",
		"Self Draining Cockpit",
		"Water Temp",
		"Air Temp",
		"Walkover Pads Gray",
		"Push Door Trash Can",
		"Attitude Adjustment Plate",
		"Tracking Fins",
		"Fiberglass Transom Walk-Thru w/ Filler Cushion",
		"X Series Sundeck Flip-Up Seating",
		"Fuel System Carbon Canister",
		"Automatic Bilge Pump System",
		"Bilge Blower System",
		"Automatic Engine Compartment Fire Extinguisher",
		"Shipping Cover",
		"Mirror (Base",
		" black plastic) 6x9 Cipa Fixed",
		"ZFT2 Tower w/ Spinning Board Racks"
	],
	"color_options" : {
		"COLOR" : "W/WHITE",
		"HULL BOTTOM" : "WHITE",
		"HULL COLOR #1" : "GUNMETAL FLAKE",
		"HULL COLOR #2" : "WHITE",
		"HULL COLOR #3" : "GUNMETAL FLAKE",
		"DECK COLOR #1" : "WHITE",
		"DECK COLOR #2" : "WHITE",
		"INTERIOR BASE" : "COOLFEEL BEACH TAN",
		"INTERIOR 2ND BASE" : "COOLFEEL BEACH TAN",
		"INTERIOR 3RD BASE" : "COOLFEEL BEACH TAN",
		"MONOGRAMS" : "MIDNITE BLACK"
	},
	"other_options" : {
		"REMOVABLE SKI PYLON" : "Y",
		"SWIM PLATFORM COLOR" : "WHITE",
		"HIGH ALTITUDE PROP OPTION" : "N",
		"GEN 2 SURF SYSTEM" : "Y",
		"BATTERY CHARGER" : "110 VOLT",
		"THREAD" : "BLACK",
		"TOWER" : "ZFT 4",
		"SWIM PLATFORM" : "FIBERGLASS",
		"ENGINE DRIP PAN" : "N",
		"DUAL BATTERIES INSTALLED" : "N",
		"BIMINI COVER COLOR" : "BLACK",
		"VERTICAL SURF RACKS" : "NONE",
		"BOAT COVER COLOR" : "GRAY",
		"THREAD PATTERN" : "TOPSTITCH",
		"FASTFILL BALLAST" : "Y",
		"TRANSOM LOUNGE SEATING WITH FOOTRESTS" : "N",
		"HEATED SEATS" : "N",
		"HEATER" : "N",
		"FLOOR COVERING COLOR" : "SEADEK TAN",
		"DEALER LOCATION" : "DOMESTIC",
		"BOAT COVER" : "Y",
		"EUROPEAN PACKAGE" : "N",
		"STEREO OBSERVER REMOTE" : "N",
		"BIMINI SURF SLEEVES" : "N",
		"TRANSOM REAR FACING LIGHTS" : "Y",
		"TOWER ACCESSORIES 7" : "NONE",
		"BOW SUNSHADE" : "N",
		"SPEAKER RING LIGHTS" : "N",
		"DOME LIGHT" : "N",
		"RGB ACCENT LIGHTING" : "N",
		"TRANSOM SCRATCH PROTECTION" : "N",
		"BOW FILLER CUSHION" : "N",
		"TOWER ACCESSORIES 2" : "NONE",
		"COMFORT AND CONVENIENCE PACKAGE" : "Y",
		"REAR FACING TOWER CAMERA" : "N",
		"TOWER RACKS" : "WAKE/SURF",
		"CORDOVA COOLER UPGRADE" : "Y",
		"LATE CHANGE FEE" : "N",
		"MIRROR" : "CLEARVIEW BILLET PANORAMIC",
		"INSTALL DROP-IN CARPET" : "Y",
		"STEREO OBSERVER DISPLAY" : "Y",
		"ENGINES" : "ILMOR 6.2L GDI VD 2.1",
		"DOCKSTAR HANDLING SYSTEM" : "Y",
		"COUNTRY DESTINATION" : "NON APPLICABLE",
		"CUP HOLDER INSERTS" : "MIDNITE BLACK",
		"CONVERTIBLE CENTER R/S" : "Y",
		"SWIM PLATFORM LADDER" : "N",
		"TOWER BILLET ACCENT" : "SILVER SATIN",
		"DOCKING LIGHTS" : "Y",
		"HYDRAULIC STEERING" : "N",
		"HYDRAULIC SEAT LIFT" : "N",
		"STARBOARD POP UP SEATBACK" : "N",
		"UNDERWATER LIGHTING" : "N",
		"TOWER ACCESSORIES 4" : "2 S80 BLACK CANS",
		"BIMINI COVER" : "Y",
		"STAINLESS STEEL FENDER CLIPS" : "Y",
		"TRANSOM LOUNGE SEATING" : "Y",
		"GRAPHICS - DESIGNATOR" : "BLACK SATIN",
		"ANCHOR" : "N",
		"DASH SELECTION" : "DUAL SCREEN PREMIUM",
		"SALTWATER PKG" : "N",
		"STEREO TRANSOM REMOTE" : "Y",
		"GRAPHICS UNINSTALLED" : "N",
		"COLOR SELECTION" : "TAN",
		"AFT SUNSHADE" : "N",
		"BOAT COVER STYLE" : "OVER TOWER",
		"SHIPPING CRADLE" : "N",
		"SWIM PLATFORM CANVAS" : "NONE",
		"WINDSHIELD" : "BTS",
		"FLOOR COVERING" : "SEADEK"
	},
	"boatImages" : [
		{
			"_id" : ObjectId("600a70ea1089706e3ecf3bee"),
			"image" : "https://s3.us-east-2.amazonaws.com/callersiq.asset/inventory_uploads/attachment-16069360881546362725fc7e618a157e.jpg",
			"featured" : NumberInt(1)
		},
		{
			"_id" : ObjectId("600a70ea1089706e3ecf3bef"),
			"image" : "https://s3.us-east-2.amazonaws.com/callersiq.asset/inventory_uploads/attachment-160693609118732371705fc7e61b5733e.jpg",
			"featured" : NumberInt(0)
		},
		{
			"_id" : ObjectId("600a70ea1089706e3ecf3bf0"),
			"image" : "https://s3.us-east-2.amazonaws.com/callersiq.asset/inventory_uploads/attachment-16069360969184893035fc7e620cf049.jpg",
			"featured" : NumberInt(0)
		},
		{
			"_id" : ObjectId("600a70ea1089706e3ecf3bf1"),
			"image" : "https://s3.us-east-2.amazonaws.com/callersiq.asset/inventory_uploads/attachment-16069360993795269645fc7e623f0d80.jpg",
			"featured" : NumberInt(0)
		},
		{
			"_id" : ObjectId("600a70ea1089706e3ecf3bf2"),
			"image" : "https://s3.us-east-2.amazonaws.com/callersiq.asset/inventory_uploads/attachment-160693610314915764355fc7e62708f63.jpg",
			"featured" : NumberInt(0)
		},
		{
			"_id" : ObjectId("600a70ea1089706e3ecf3bf3"),
			"image" : "https://s3.us-east-2.amazonaws.com/callersiq.asset/inventory_uploads/attachment-16069361069303438385fc7e62a37912.jpg",
			"featured" : NumberInt(0)
		},
		{
			"_id" : ObjectId("600a70ea1089706e3ecf3bf4"),
			"image" : "https://s3.us-east-2.amazonaws.com/callersiq.asset/inventory_uploads/attachment-160693610815510555875fc7e62c20d5c.jpg",
			"featured" : NumberInt(0)
		},
		{
			"_id" : ObjectId("600a70ea1089706e3ecf3bf5"),
			"image" : "https://s3.us-east-2.amazonaws.com/callersiq.asset/inventory_uploads/attachment-16069361128587356235fc7e630620d7.jpg",
			"featured" : NumberInt(0)
		},
		{
			"_id" : ObjectId("600a70ea1089706e3ecf3bf6"),
			"image" : "https://s3.us-east-2.amazonaws.com/callersiq.asset/inventory_uploads/attachment-16069361134561697175fc7e631dd1ce.jpg",
			"featured" : NumberInt(0)
		},
		{
			"_id" : ObjectId("600a70ea1089706e3ecf3bf7"),
			"image" : "https://s3.us-east-2.amazonaws.com/callersiq.asset/inventory_uploads/attachment-16069361171652347275fc7e63548714.jpg",
			"featured" : NumberInt(0)
		},
		{
			"_id" : ObjectId("600a70ea1089706e3ecf3bf8"),
			"image" : "https://s3.us-east-2.amazonaws.com/callersiq.asset/inventory_uploads/attachment-160693611917824960235fc7e6377268f.jpg",
			"featured" : NumberInt(0)
		},
		{
			"_id" : ObjectId("600a70ea1089706e3ecf3bf9"),
			"image" : "https://s3.us-east-2.amazonaws.com/callersiq.asset/inventory_uploads/attachment-160693612215441829475fc7e63ac780e.jpg",
			"featured" : NumberInt(0)
		},
		{
			"_id" : ObjectId("600a70ea1089706e3ecf3bfa"),
			"image" : "https://s3.us-east-2.amazonaws.com/callersiq.asset/inventory_uploads/attachment-16069361247727284895fc7e63c7cde6.jpg",
			"featured" : NumberInt(0)
		},
		{
			"_id" : ObjectId("600a70ea1089706e3ecf3bfb"),
			"image" : "https://s3.us-east-2.amazonaws.com/callersiq.asset/inventory_uploads/attachment-160693612710158730495fc7e63f8cb30.jpg",
			"featured" : NumberInt(0)
		},
		{
			"_id" : ObjectId("600a70ea1089706e3ecf3bfc"),
			"image" : "https://s3.us-east-2.amazonaws.com/callersiq.asset/inventory_uploads/attachment-16069361311298105995fc7e64379316.jpg",
			"featured" : NumberInt(0)
		}
	],
	"productImage" : "https://s3.us-east-2.amazonaws.com/callersiq.asset/inventory_uploads/attachment-16069360881546362725fc7e618a157e.jpg",
	"get_boat_model" : null
},
{
	"_id" : ObjectId("5fd3c409ce9ab72702542412"),
	"calleriq_boat_id" : "5fd3c2f12420d86ea0630315",
	"boatDescription" : "<p>The XSTAR has been the industry leader and example of quality, easy of use and not to mention waves and wakes that can go up against any boat on the water. </p><p>Just in is this mint 2018 MasterCraft XSTAR with only 98 motor hours and nearly every option and upgrade offered from MasterCraft. With the Ilmore 7.4, CoolFeel interior, DockStar, ZFT7 Power Tower, Dual Screens, Gen 2 and so much more its safe to say this boat is ready to deliver the best boating experience of your life!</p>",
	"boatPermalink" : "2018-mastercraft-xstar5fd3c2f12420d86ea0630315",
	"serial_number" : "MBCZLFV2K718",
	"engine_description" : "",
	"hull_type" : "",
	"category" : "Ski/Wakeboard Boat",
	"fuel_type" : "Gas",
	"propulsion_type" : "",
	"boat_condition" : "Used",
	"boat_year" : NumberInt(2018),
	"boat_make" : "Mastercraft",
	"boat_model" : "XSTAR",
	"boatPrice" : NumberInt(159999),
	"boat_msrp" : "",
	"dealer_name" : "",
	"city" : "",
	"state" : "",
	"zip" : "",
	"capacity_weight" : "",
	"buildsheet_url" : "",
	"image_banner" : "",
	"dry_weight" : "",
	"telephone" : "",
	"boatRegularPrice" : "",
	"engine_model" : "Ilmor 7.4L",
	"engine_hours" : "98",
	"engine_type" : "",
	"stock_number" : "",
	"is_featured" : "Yes",
	"boat_model_status" : "Pre-Owned",
	"boat_sale_status" : "For Sale",
	"boatTitle" : "2018 Mastercraft XSTAR",
	"boatPublished" : "",
	"boatAddedDate" : NumberInt(-1),
	"boat_class" : "Power",
	"boat_length" : NumberInt(23),
	"beam_length" : "102",
	"boat_type" : "",
	"boat_brand" : "Mastercraft",
	"DM_Length" : "",
	"Received_Date" : "",
	"Status" : "",
	"DM_Type" : "",
	"Final_Amount" : "",
	"Boat_Cost" : "",
	"Calculated_Cost" : "",
	"Calculated_MSRP" : "",
	"Calculated_Price" : "",
	"Engine_Cost" : "",
	"hullId" : "MBCZLFV2K718",
	"video_url" : [ ],
	"standard_options" : " ",
	"color_options" : {
		"Black" : "",
		"White " : "",
		"Red" : "",
		"CoolFeel Jet Black" : "",
		"CoolFeel Cloud Grey " : "",
		"Red X Stitching " : "",
		"ZFT7 Power Tower" : "",
		"Ilmore 7.4L" : "",
		"Dock Star" : "",
		"Premium Audio " : "",
		"Dual Screens" : "",
		"Docking Lights" : "",
		"Transom Lights" : "",
		"SeaDek" : "",
		"Transom Flip Up Seats" : "",
		"Spare Tire" : ""
	},
	"other_options" : {
		"Ilmore 7.4L" : "",
		"ZFT7 Power Tower" : "",
		"Dual Screen" : "",
		"Premium Audio Plus" : "",
		"Docking Lights" : "",
		"Transom Lights" : "",
		"BTS Windshield " : "",
		"Spare Tire" : "",
		"DockStar" : "",
		"SeaDek Flooring" : ""
	},
	"boatImages" : [
		{
			"_id" : ObjectId("600a70ea1089706e3ecf3be2"),
			"image" : "https://s3.us-east-2.amazonaws.com/callersiq.asset/inventory_uploads/attachment-160771332915239916955fd3c23113117.JPEG",
			"featured" : NumberInt(1)
		},
		{
			"_id" : ObjectId("600a70ea1089706e3ecf3be3"),
			"image" : "https://s3.us-east-2.amazonaws.com/callersiq.asset/inventory_uploads/attachment-160771333611055879275fd3c2381378f.JPEG",
			"featured" : NumberInt(0)
		},
		{
			"_id" : ObjectId("600a70ea1089706e3ecf3be4"),
			"image" : "https://s3.us-east-2.amazonaws.com/callersiq.asset/inventory_uploads/attachment-16077133425576147745fd3c23e52740.JPEG",
			"featured" : NumberInt(0)
		},
		{
			"_id" : ObjectId("600a70ea1089706e3ecf3be5"),
			"image" : "https://s3.us-east-2.amazonaws.com/callersiq.asset/inventory_uploads/attachment-16077133543894243395fd3c24a5fa6a.JPEG",
			"featured" : NumberInt(0)
		},
		{
			"_id" : ObjectId("600a70ea1089706e3ecf3be6"),
			"image" : "https://s3.us-east-2.amazonaws.com/callersiq.asset/inventory_uploads/attachment-160771335915351096925fd3c24fa540c.JPEG",
			"featured" : NumberInt(0)
		},
		{
			"_id" : ObjectId("600a70ea1089706e3ecf3be7"),
			"image" : "https://s3.us-east-2.amazonaws.com/callersiq.asset/inventory_uploads/attachment-160771336821422629995fd3c2587bcba.JPEG",
			"featured" : NumberInt(0)
		},
		{
			"_id" : ObjectId("600a70ea1089706e3ecf3be8"),
			"image" : "https://s3.us-east-2.amazonaws.com/callersiq.asset/inventory_uploads/attachment-16077133715441543005fd3c25b67621.JPEG",
			"featured" : NumberInt(0)
		},
		{
			"_id" : ObjectId("600a70ea1089706e3ecf3be9"),
			"image" : "https://s3.us-east-2.amazonaws.com/callersiq.asset/inventory_uploads/attachment-160771337911588536215fd3c263829bf.JPEG",
			"featured" : NumberInt(0)
		},
		{
			"_id" : ObjectId("600a70ea1089706e3ecf3bea"),
			"image" : "https://s3.us-east-2.amazonaws.com/callersiq.asset/inventory_uploads/attachment-16077133914775192825fd3c26f319b9.JPEG",
			"featured" : NumberInt(0)
		},
		{
			"_id" : ObjectId("600a70ea1089706e3ecf3beb"),
			"image" : "https://s3.us-east-2.amazonaws.com/callersiq.asset/inventory_uploads/attachment-16077134673704384505fd3c2bb67c0a.JPEG",
			"featured" : NumberInt(0)
		},
		{
			"_id" : ObjectId("600a70ea1089706e3ecf3bec"),
			"image" : "https://s3.us-east-2.amazonaws.com/callersiq.asset/inventory_uploads/attachment-16077134924146494915fd3c2d4dd077.JPEG",
			"featured" : NumberInt(0)
		},
		{
			"_id" : ObjectId("600a70ea1089706e3ecf3bed"),
			"image" : "https://s3.us-east-2.amazonaws.com/callersiq.asset/inventory_uploads/attachment-160771349668117815fd3c2d880c6b.jpg",
			"featured" : NumberInt(0)
		}
	],
	"productImage" : "https://s3.us-east-2.amazonaws.com/callersiq.asset/inventory_uploads/attachment-160771332915239916955fd3c23113117.JPEG",
	"get_boat_model" : null
},
{
	"_id" : ObjectId("5fe12ecdce9ab72702e485dc"),
	"calleriq_boat_id" : "5fe12e38b701e55f05329fd4",
	"boatDescription" : "<p>The MasterCraft X10 is the perfect do it all boat. With room for 10 people, JL Audio, Ballast, Perfect pass, Swivel Board racks, Bimini, Boat Cover, Spare Tire and more its easy to see why the X10 delivers on the water. With only 752 motor hours this X10 is in amazing condition and is ready to hit the lake!</p>",
	"boatPermalink" : "2005-mastercraft-x105fe12e38b701e55f05329fd4",
	"serial_number" : "MBCAUEF0J405",
	"engine_description" : "",
	"hull_type" : "",
	"category" : "Ski/Wakeboard Boat",
	"fuel_type" : "Gas",
	"propulsion_type" : "",
	"boat_condition" : "Used",
	"boat_year" : NumberInt(2005),
	"boat_make" : "Mastercraft",
	"boat_model" : "X10",
	"boatPrice" : NumberInt(32900),
	"boat_msrp" : "",
	"dealer_name" : "",
	"city" : "",
	"state" : "",
	"zip" : "",
	"capacity_weight" : "",
	"buildsheet_url" : "",
	"image_banner" : "",
	"dry_weight" : "",
	"telephone" : "",
	"boatRegularPrice" : "",
	"engine_model" : "RTP1",
	"engine_hours" : "752",
	"engine_type" : "",
	"stock_number" : "",
	"is_featured" : "No",
	"boat_model_status" : "Pre-Owned",
	"boat_sale_status" : "For Sale",
	"boatTitle" : "2005 Mastercraft X10",
	"boatPublished" : "",
	"boatAddedDate" : NumberInt(-1),
	"boat_class" : "Power",
	"boat_length" : NumberInt(21),
	"beam_length" : "95",
	"boat_type" : "",
	"boat_brand" : "Mastercraft",
	"DM_Length" : "",
	"Received_Date" : "",
	"Status" : "",
	"DM_Type" : "",
	"Final_Amount" : "",
	"Boat_Cost" : "",
	"Calculated_Cost" : "",
	"Calculated_MSRP" : "",
	"Calculated_Price" : "",
	"Engine_Cost" : "",
	"hullId" : "MBCAUEF0J405",
	"video_url" : [ ],
	"standard_options" : " ",
	"color_options" : {
		"Black" : "",
		"White " : ""
	},
	"other_options" : [ ],
	"boatImages" : [
		{
			"_id" : ObjectId("600a70ea1089706e3ecf3bcf"),
			"image" : "https://s3.us-east-2.amazonaws.com/callersiq.asset/inventory_uploads/attachment-16085921839799827335fe12b37e087a.jpg",
			"featured" : NumberInt(1)
		},
		{
			"_id" : ObjectId("600a70ea1089706e3ecf3bd0"),
			"image" : "https://s3.us-east-2.amazonaws.com/callersiq.asset/inventory_uploads/attachment-160859219017314584805fe12b3ed203f.jpg",
			"featured" : NumberInt(0)
		},
		{
			"_id" : ObjectId("600a70ea1089706e3ecf3bd1"),
			"image" : "https://s3.us-east-2.amazonaws.com/callersiq.asset/inventory_uploads/attachment-16085921948526633935fe12b4263773.jpg",
			"featured" : NumberInt(0)
		},
		{
			"_id" : ObjectId("600a70ea1089706e3ecf3bd2"),
			"image" : "https://s3.us-east-2.amazonaws.com/callersiq.asset/inventory_uploads/attachment-16085921988280893735fe12b46df39a.jpg",
			"featured" : NumberInt(0)
		},
		{
			"_id" : ObjectId("600a70ea1089706e3ecf3bd3"),
			"image" : "https://s3.us-east-2.amazonaws.com/callersiq.asset/inventory_uploads/attachment-160859220110979372255fe12b499a69e.jpg",
			"featured" : NumberInt(0)
		},
		{
			"_id" : ObjectId("600a70ea1089706e3ecf3bd4"),
			"image" : "https://s3.us-east-2.amazonaws.com/callersiq.asset/inventory_uploads/attachment-1608592210360987005fe12b5258bb3.jpg",
			"featured" : NumberInt(0)
		},
		{
			"_id" : ObjectId("600a70ea1089706e3ecf3bd5"),
			"image" : "https://s3.us-east-2.amazonaws.com/callersiq.asset/inventory_uploads/attachment-160859221117940346295fe12b53847a7.jpg",
			"featured" : NumberInt(0)
		},
		{
			"_id" : ObjectId("600a70ea1089706e3ecf3bd6"),
			"image" : "https://s3.us-east-2.amazonaws.com/callersiq.asset/inventory_uploads/attachment-1608592214464960325fe12b5692b83.jpg",
			"featured" : NumberInt(0)
		},
		{
			"_id" : ObjectId("600a70ea1089706e3ecf3bd7"),
			"image" : "https://s3.us-east-2.amazonaws.com/callersiq.asset/inventory_uploads/attachment-160859221620248934225fe12b5857b14.jpg",
			"featured" : NumberInt(0)
		},
		{
			"_id" : ObjectId("600a70ea1089706e3ecf3bd8"),
			"image" : "https://s3.us-east-2.amazonaws.com/callersiq.asset/inventory_uploads/attachment-16085922196664972975fe12b5bec368.jpg",
			"featured" : NumberInt(0)
		},
		{
			"_id" : ObjectId("600a70ea1089706e3ecf3bd9"),
			"image" : "https://s3.us-east-2.amazonaws.com/callersiq.asset/inventory_uploads/attachment-16085922215704741515fe12b5d907ca.jpg",
			"featured" : NumberInt(0)
		},
		{
			"_id" : ObjectId("600a70ea1089706e3ecf3bda"),
			"image" : "https://s3.us-east-2.amazonaws.com/callersiq.asset/inventory_uploads/attachment-160859222511104206805fe12b6103877.jpg",
			"featured" : NumberInt(0)
		},
		{
			"_id" : ObjectId("600a70ea1089706e3ecf3bdb"),
			"image" : "https://s3.us-east-2.amazonaws.com/callersiq.asset/inventory_uploads/attachment-16085922268138981995fe12b62c10b9.jpg",
			"featured" : NumberInt(0)
		},
		{
			"_id" : ObjectId("600a70ea1089706e3ecf3bdc"),
			"image" : "https://s3.us-east-2.amazonaws.com/callersiq.asset/inventory_uploads/attachment-160859223113818650475fe12b670811a.jpg",
			"featured" : NumberInt(0)
		},
		{
			"_id" : ObjectId("600a70ea1089706e3ecf3bdd"),
			"image" : "https://s3.us-east-2.amazonaws.com/callersiq.asset/inventory_uploads/attachment-16085922339933596875fe12b69caa2c.jpg",
			"featured" : NumberInt(0)
		},
		{
			"_id" : ObjectId("600a70ea1089706e3ecf3bde"),
			"image" : "https://s3.us-east-2.amazonaws.com/callersiq.asset/inventory_uploads/attachment-160859223718075066695fe12b6d344d5.JPG",
			"featured" : NumberInt(0)
		},
		{
			"_id" : ObjectId("600a70ea1089706e3ecf3bdf"),
			"image" : "https://s3.us-east-2.amazonaws.com/callersiq.asset/inventory_uploads/attachment-160859223919436022465fe12b6f38193.jpg",
			"featured" : NumberInt(0)
		},
		{
			"_id" : ObjectId("600a70ea1089706e3ecf3be0"),
			"image" : "https://s3.us-east-2.amazonaws.com/callersiq.asset/inventory_uploads/attachment-16085922443006386985fe12b743f98e.jpg",
			"featured" : NumberInt(0)
		},
		{
			"_id" : ObjectId("600a70ea1089706e3ecf3be1"),
			"image" : "https://s3.us-east-2.amazonaws.com/callersiq.asset/inventory_uploads/attachment-160859224617949218255fe12b7653b8e.jpg",
			"featured" : NumberInt(0)
		}
	],
	"productImage" : "https://s3.us-east-2.amazonaws.com/callersiq.asset/inventory_uploads/attachment-16085921839799827335fe12b37e087a.jpg",
	"get_boat_model" : null
},
{
	"_id" : ObjectId("5fedbc15ce9ab727025de46a"),
	"calleriq_boat_id" : "5df944611264873a2e3a93c2",
	"boatDescription" : "<p>2018 Mastercraft XT25 </p><p>When the party is big and the guest list is long, you need a boat equipped to set it off. Meet the huge and hugely drivable XT25. At 25 feet long, it is nicely equipped. Start the day rolling out massive waves for wakeboarding and surfing. Keep it glassy with some ski runs. And then when the sun gets low, the party gets going. The XT25 is bigbut the party is bigger. Its exactly what you need to serve up summer right this year.</p><p>INTERIOR BASE - COOLFEEL CLOUD GRAY<br>INTERIOR 2ND BASE - COOLFEEL JET BLACK<br>INTERIOR 3RD BASE - COOLFEEL CLOUD GRAY<br>DECKADENCE FLOOR COVERING GRAY<br>ILMOR 6000 GDI VD 1.57<br>HYDRAULIC STEERING<br>MIRROR - MASTERVIEW VR100<br>WINDSHIELD - BTS<br>COMFORT AND CONVENIENCE PACKAGE<br>GEN 2 SURF SYSTEM WITH S2S SWITCHING<br>DOCKSTAR HANDLING SYSTEM<br>TOWER - ZFT 4<br>TOWER RACKS WAKE/SURF<br>TOWER ACCESSORIES - 2 S80 BLACK CANS<br>DOME LIGHT<br>PREMIUM AUDIO AND DUAL SCREEN PACKAGE<br>STEREO TRANS. REMOTE<br>FIBERGLASS SWIM PLATFORM WHITE<br>CONVERTIBLE CENTER R/S<br>SUNPAD FLIP SEATING<br>TRANSOM WALK-THROUGH</p><p> </p>",
	"boatPermalink" : "2018-mastercraft-xt255df944611264873a2e3a93c2",
	"serial_number" : "",
	"engine_description" : "",
	"hull_type" : "",
	"category" : "Ski/Wakeboard Boat",
	"fuel_type" : "Gas",
	"propulsion_type" : "",
	"boat_condition" : "Used",
	"boat_year" : NumberInt(2018),
	"boat_make" : "Mastercraft",
	"boat_model" : "XT25",
	"boatPrice" : NumberInt(129900),
	"boat_msrp" : "",
	"dealer_name" : "",
	"city" : "",
	"state" : "",
	"zip" : "",
	"capacity_weight" : "",
	"buildsheet_url" : "",
	"image_banner" : "",
	"dry_weight" : "",
	"telephone" : "",
	"boatRegularPrice" : "",
	"engine_model" : "Ilmore 6.2l ",
	"engine_hours" : "102",
	"engine_type" : "",
	"stock_number" : "",
	"is_featured" : "Yes",
	"boat_model_status" : "Pre-Owned",
	"boat_sale_status" : "For Sale",
	"boatTitle" : "2018 Mastercraft XT25",
	"boatPublished" : "",
	"boatAddedDate" : NumberInt(-1),
	"boat_class" : "Power",
	"boat_length" : NumberInt(25),
	"beam_length" : "102",
	"boat_type" : "",
	"boat_brand" : "Mastercraft",
	"DM_Length" : "",
	"Received_Date" : "",
	"Status" : "",
	"DM_Type" : "",
	"Final_Amount" : "",
	"Boat_Cost" : "",
	"Calculated_Cost" : "",
	"Calculated_MSRP" : "",
	"Calculated_Price" : "",
	"Engine_Cost" : "",
	"hullId" : "",
	"video_url" : [ ],
	"standard_options" : " ",
	"color_options" : {
		"Black Flake/ White" : ""
	},
	"other_options" : [ ],
	"boatImages" : [
		{
			"_id" : ObjectId("600a70ea1089706e3ecf3c32"),
			"image" : "https://s3.us-east-2.amazonaws.com/callersiq.asset/inventory_uploads/attachment-157661524813671859425df93d503030d.jpg",
			"featured" : NumberInt(1)
		},
		{
			"_id" : ObjectId("600a70ea1089706e3ecf3c33"),
			"image" : "https://s3.us-east-2.amazonaws.com/callersiq.asset/inventory_uploads/attachment-157661524812419249615df93d503191a.jpg",
			"featured" : NumberInt(0)
		},
		{
			"_id" : ObjectId("600a70ea1089706e3ecf3c34"),
			"image" : "https://s3.us-east-2.amazonaws.com/callersiq.asset/inventory_uploads/attachment-15766152484098417725df93d5031d26.jpg",
			"featured" : NumberInt(0)
		},
		{
			"_id" : ObjectId("600a70ea1089706e3ecf3c35"),
			"image" : "https://s3.us-east-2.amazonaws.com/callersiq.asset/inventory_uploads/attachment-157661524816714273655df93d50320e7.jpg",
			"featured" : NumberInt(0)
		},
		{
			"_id" : ObjectId("600a70ea1089706e3ecf3c36"),
			"image" : "https://s3.us-east-2.amazonaws.com/callersiq.asset/inventory_uploads/attachment-15766152486198534925df93d5032409.jpg",
			"featured" : NumberInt(0)
		},
		{
			"_id" : ObjectId("600a70ea1089706e3ecf3c37"),
			"image" : "https://s3.us-east-2.amazonaws.com/callersiq.asset/inventory_uploads/attachment-157661524813298315285df93d50327a0.jpg",
			"featured" : NumberInt(0)
		},
		{
			"_id" : ObjectId("600a70ea1089706e3ecf3c38"),
			"image" : "https://s3.us-east-2.amazonaws.com/callersiq.asset/inventory_uploads/attachment-157661524817180536195df93d5032b10.jpg",
			"featured" : NumberInt(0)
		},
		{
			"_id" : ObjectId("600a70ea1089706e3ecf3c39"),
			"image" : "https://s3.us-east-2.amazonaws.com/callersiq.asset/inventory_uploads/attachment-157661524812533953095df93d5032e89.jpg",
			"featured" : NumberInt(0)
		}
	],
	"productImage" : "https://s3.us-east-2.amazonaws.com/callersiq.asset/inventory_uploads/attachment-157661524813671859425df93d503030d.jpg",
	"get_boat_model" : " </p>"
},
