{
	"_id" : ObjectId("5d726303f1ad4f26d4ea85e8"),
	"firstName" : "Irfan",
	"email" : "irfanhayat55@gmail.com",
	"preferredContact" : "Warid",
	"location" : null,
	"lastName" : "asdas",
	"phoneNo" : "03235412298",
	"message" : "asdas"
},
{
	"_id" : ObjectId("5d726685de450324a0d58b48"),
	"firstName" : "Irfan",
	"email" : "irfanhayat55@gmail.com",
	"preferredContact" : "ufone",
	"location" : null,
	"lastName" : "hayat",
	"phoneNo" : "03235412298",
	"message" : ""
},
{
	"_id" : ObjectId("5d72671dde450324a0d58b4b"),
	"firstName" : "Irfan",
	"email" : "irfanhayat55@gmail.com",
	"preferredContact" : "ufone",
	"location" : null,
	"lastName" : "hayat",
	"phoneNo" : "03235412298",
	"message" : "fdgdfgdf"
},
{
	"_id" : ObjectId("5d7fa663cf9442251021b061"),
	"firstName" : "Irfan",
	"email" : "irfanhayat55@gmail.com",
	"preferredContact" : "ufone",
	"location" : null,
	"lastName" : "hayat",
	"phoneNo" : "03235412298",
	"message" : "aasdad"
},
{
	"_id" : ObjectId("5d7fa8b8cf9442251021b069"),
	"firstName" : "Irfan",
	"email" : "irfanhayat55@gmail.com",
	"preferredContact" : "ufone",
	"location" : null,
	"lastName" : "hayat",
	"phoneNo" : "03235412298",
	"message" : "sdfsdsd"
},
{
	"_id" : ObjectId("5da74b8df4df266c17c70f03"),
	"firstName" : "Brian",
	"email" : "ecommerce1@netcourrier.com",
	"preferredContact" : "Email",
	"location" : "",
	"lastName" : "Lewis",
	"phoneNo" : null,
	"message" : null
},
{
	"_id" : ObjectId("5da7791cf4df266c17c70f1c"),
	"firstName" : "Shaun",
	"email" : "schleinitz.shaun@gmail.com",
	"preferredContact" : "Email",
	"location" : "",
	"lastName" : "Schleinitz",
	"phoneNo" : null,
	"message" : null
},
{
	"_id" : ObjectId("5da948bef4df266c17c70fc3"),
	"firstName" : "Leesa",
	"email" : "noreply@gplforest3616.news",
	"preferredContact" : "Email",
	"location" : "",
	"lastName" : "Leeson",
	"phoneNo" : null,
	"message" : null
},
{
	"_id" : ObjectId("5da9653ff4df266c17c70fd3"),
	"firstName" : "EddieVex",
	"email" : "amadeusturtle@aol.com",
	"preferredContact" : "",
	"location" : "Iceland",
	"lastName" : "EddieVexMG",
	"phoneNo" : "83586878176",
	"message" : "Real Estate Secrets \r\n \r\nBuy & Sell for maximum profit!  Step-by-step manuals plus expert guidance, all FREE.  http://www.judybernal.org/"
},
{
	"_id" : ObjectId("5da9753df4df266c17c70fdc"),
	"firstName" : "Gina",
	"email" : "gina.caraway@gmail.com",
	"preferredContact" : "Email",
	"location" : "",
	"lastName" : "Caraway",
	"phoneNo" : null,
	"message" : null
},
{
	"_id" : ObjectId("5dab35b5f4df266c17c710d3"),
	"firstName" : "contactssognw",
	"email" : "amyas_kreiman15@rambler.ru",
	"preferredContact" : "",
	"location" : "Р РѕСЃСЃРёСЏ",
	"lastName" : "contactssognw",
	"phoneNo" : "123456789",
	"message" : "Good whatever time of day it is where you are! \r\n \r\nWe will send viacontact forms to the sites of business organizations via any domain zones of the world.  \r\n \r\nhttp://xn----7sbb1bbndheurc1a.xn--p1ai \r\n \r\nYour offer is sent to email of institution one hundred percent will get to inbox folder! \r\n \r\nTest: \r\n10000 messages on foreign zones to your E-mail - twenty dollars. \r\nWe need from You only electronic box, title and text of the letter. \r\n \r\nIn our price there are more 800 databases for all countries of the world. \r\nCommon databases: \r\nAll Europe 44 countries 60726150 of domains - 1100$ \r\nAll European Union 28 countries 56752547 of domains- 1000$ \r\nAll Asia 48 countries 14662004 of domains - 300$ \r\nAll Africa 50 countries 1594390 of domain names - 200$ \r\nAll North and Central America in 35 countries 7441637 of domain names - 300$ \r\nAll South America 14 countries 5826884 of domain names - 200$ \r\nCompanies of the Russian Federation - 300$ \r\nUkraine 605745 of domain names - 100$ \r\nAll Russian-speaking countries minus Russia are 15 countries and there are 1526797 of domain names - 200$ \r\n \r\nDatabases: \r\nWhois-service databases of domain names for all countries of the world. \r\nYou can purchase our databases separately from newsletter's service at the request. \r\n \r\nP/S \r\nPlease, do not respond to this message from your electronic box, as it has been generated automatically and will not get anywhere! \r\nUse the contact form from the site http://xn----7sbb1bbndheurc1a.xn--p1ai \r\n \r\nPRICE LIST: \r\n \r\nTest mailing: $20 – 10000 contact forms websites \r\n \r\nAll Europe 44 countries there are 60726150 websites – $1100 \r\n \r\nAll EU 28 countries there are 56752547 websites – $1000 \r\n \r\nAll Asia 48 countries there are 14662004 websites – $500 \r\n \r\nAll Africa 50 countries there are 1594390 websites – $200 \r\n \r\nAll North and Central America is 35 countries there are 7441637 websites – $300 \r\n \r\nAll South America 14 countries there are 5826884 websites – $200 \r\n \r\nTop 1 Million World’s Best websites – $100 \r\n \r\nTop 16821856 the most visited websites in the world – $200 \r\n \r\nBusinesses and organizations of the Russian Federation – there are 3012045 websites – $300 \r\n \r\nUkraine 605745 websites – $100 \r\n \r\nAll Russian-speaking countries minus Russia – there are 15 countries and 1526797 websites – $200 \r\n \r\n1499203 of hosting websites around the world (there are selections for all countries, are excluded from databases for mailings) – $200 \r\n \r\n35439 websites of public authorities of all countries of the world (selections for all countries, are excluded from databases for mailings) – $100 \r\n \r\nCMS mailings: \r\nAmiro 2294 websites $50 \r\nBitrix 175513 websites $80 \r\nConcrete5 49721 websites $50 \r\nCONTENIDO 7769 websites $50 \r\nCubeCart 1562 websites $50 \r\nDatalife Engine 29220 websites $50 \r\nDiscuz 70252 websites $50 \r\nDotnetnuke 31114 websites $50 \r\nDrupal 802121 websites $100 \r\nHostCMS 6342 websites $50 \r\nInstantCMS 4936 websites $50 \r\nInvision Power Board 510 websites $50 \r\nJoomla 1906994 websites $200 \r\nLiferay 5937 websites $50 \r\nMagento 269488 websites $80 \r\nMODx 67023 websites $50 \r\nMovable Type 13523 websites $50 \r\nNetCat 6936 websites $50 \r\nNopCommerce 5313 websites $50 \r\nOpenCart 321057 websites $80 \r\nosCommerce 65468 websites $50 \r\nphpBB 3582 websites $50 \r\nPrestashop 92949 websites $50 \r\nShopify 365755 websites $80 \r\nSimpla 8963 websites $50 \r\nSitefinity 4883 websites $50 \r\nTYPO3 227167 websites $80 \r\nUMI.CMS 15943 websites $50 \r\nvBulletin 154677 websites $80 \r\nWix 2305768 websites $230 \r\nWordPress 14467405 websites $450 \r\nWooCommerce 2097367 websites $210 \r\n \r\n.com 133766112 websites commercial – $1950 \r\n.biz 2361884 websites business – $150 \r\n.info 6216929 websites information – $250 \r\n.net 15689222 websites network – $450 \r\n.org 10922428 websites organization – $350 \r\n \r\n.abogado 279 websites – $50 \r\n.ac 16799 websites – $50 \r\n.academy 27306 websites – $50 \r\n.accountant 96542 websites – $50 \r\n.actor 1928 websites – $50 \r\n.ad 414 websites – $50 \r\n.adult 10540 websites- $50 \r\n.ae 1821 websites International zone UAE:.com.net.biz.info.org.name.tel.mobi.asia \r\n.ae 199533 websites UAE – $50 \r\n.aero 18325 websites- $50 \r\n.af 3315 websites – $50 \r\n.africa 15056 websites- $50 \r\n.ag 10339 websites – $50 \r\n.agency 47508 websites – $50 \r\n.ai 17199 websites – $50 \r\n.airforce 560 websites – $50 \r\n.al 6078 websites – $50 \r\n.alsace 1982 websites – $50 \r\n.am 17987 websites Armenia – $50 \r\n.am 1684 websites International zone Armenia:.com.net.biz.info.org.name.tel.mobi.asia \r\n.amsterdam 28141 websites Amsterdam, Kingdom of the Netherlands – $50 \r\n.ao 518 websites – $50 \r\n.apartments 3758 websites – $50 \r\n.ar 551804 websites Argentina – $80 \r\n.ar 64008 websites International zone Argentina:.com .net .biz .info .name .tel .mobi .asia – $50 \r\n.archi 2084 websites – $50 \r\n.army 1842 websites – $50 \r\n.art 26402 websites – $50 \r\n.as 10025 websites – $50 \r\n.asia 228418 websites – $80 \r\n.associates 3340 websites – $50 \r\n.at 1356722 websites Austria – $100 \r\n.at 181907 websites International zone Austria :.com.net.biz.info.org.name.tel.mobi.asia-$50 \r\n.attorney 8224 websites- $50 \r\n.attorney 7204 websites – $50 \r\n.au 2243263 websites Australia – $150 \r\n.au 461279 websites International zone Australia:.com.net.biz.info.org.name.tel.mobi.asia-$80 \r\n.auction 3625 websites- $50 \r\n.audio 23052 websites- $50 \r\n.auto 400 websites- $50 \r\n.aw 235 websites- $50 \r\n.az 11104 websites Azerbaijan – $50 \r\n.az 2036 websites International zone Azerbaijan:.com.net.biz.info.org.name.tel.mobi.asia \r\n.ba 7012 websites – $50 \r\n.ba 2291 websites International zone Bosnia and Herzegovina:.com.net.biz.info.org.name.tel.mobi.asia \r\n.band 11515 websites – $50 \r\n.bank 1621 websites- $50 \r\n.bar 5506 websites – $50 \r\n.barcelona 7919 websites – $50 \r\n.bargains 2997 websites- $50 \r\n.bayern 32565 websites – $50 \r\n.bb 2277 websites – $50 \r\n.be 1349658 websites Belgium – $100 \r\n.be 184810 websites International zone Belgium:.com.net.biz.info.org.name.tel.mobi.asia-$50 \r\n.beer 11834 websites- $50 \r\n.berlin 58088 websites Berlin – $50 \r\n.best 2912 websites – $50 \r\n.bet 17637 websites – $50 \r\n.bf 238 websites – $50 \r\n.bg 33252 websites Bulgaria – $50 \r\n.bg 50685 websites International zone Bulgaria:.com.net.biz.info.org.name.tel.mobi.asia \r\n.bh 453 websites – $50 \r\n.bi 2328 websites Burundi- $50 \r\n.bible 1160 websites – $50 \r\n.bid 474509 websites – $80 \r\n.bike 15729 websites – $50 \r\n.bingo 1332 websites – $50 \r\n.bio 15531 websites- $50 \r\n.bj 147 websites- $50 \r\n.black 6582 websites – $50 \r\n.blackfriday 12106 websites – $50 \r\n.blog 145463 websites – $50 \r\n.blue 16852 websites – $50 \r\n.bm 8089 websites Bermuda – $50 \r\n.bo 2302 websites- $50 \r\n.boats 266 websites- $50 \r\n.boston 21762 websites- $50 \r\n.boutique 8834 websites – $50 \r\n.br 2367290 websites Brazil – $150 \r\n.br 933750 websites International zone Brazil:.com.net.biz.info.org.name.tel.mobi.asia-$100 \r\n.bradesco 129 websites- $50 \r\n.broadway 261 websites- $50 \r\n.broker 660 websites- $50 \r\n.brussels 7181 websites – $50 \r\n.bs 330 websites- $50 \r\n.bt 284 websites- $50 \r\n.build 3857 websites- $50 \r\n.builders 3906 websites- $50 \r\n.business 35168 websites – $50 \r\n.buzz 11257 websites – $50 \r\n.bw 656 websites – $50 \r\n.by 1574 websites International zone Belarus:.com.net.biz.info.org.name.tel.mobi.asia \r\n.by 92679 websites Belarus – $50 \r\n.bz 7751 websites – $50 \r\n.bzh 5403 websites – $50 \r\n.ca 2587463 websites Canada – $150 \r\n.ca 288395 websites International zone Canada:.com.net.biz.info.org.name.tel.mobi.asia-$50 \r\n.cab 3223 websites – $50 \r\n.cafe 13606 websites – $50 \r\n.cam 5156 websites – $50 \r\n.camera 5236 websites – $50 \r\n.camp 6315 websites – $50 \r\n.capetown 4750 websites – $50 \r\n.capital 11387 websites – $50 \r\n.car 342 websites – $50 \r\n.cards 5992 websites – $50 \r\n.care 18204 websites – $50 \r\n.career 1217 websites – $50 \r\n.careers 7055 websites – $50 \r\n.cars 309 websites – $50 \r\n.casa 18918 websites – $50 \r\n.cash 13193 websites – $50 \r\n.casino 4354 websites – $50 \r\n.cat 108569 websites – $50 \r\n.catering 3482 websites – $50 \r\n.cc 1920589 websites Cocos Keeling Islands- $150 \r\n.cd 5365 websites – $50 \r\n.center 35353 websites – $50 \r\n.ceo 2458 websites – $50 \r\n.cf 476142 websites Central African Republic – $50 \r\n.cg 166 – $50 \r\n.ch 1471685 websites Switzerland – $100 \r\n.ch 205292 websites International zone Switzerland:.com.net.biz.info.org.name.tel.mobi.asia-$50 \r\n.chat 11126 websites – $50 \r\n.cheap 3267 websites – $50 \r\n.christmas 15255 websites – $50 \r\n.church 21104 websites – $50 \r\n.ci 112 websites International zone Cote d’Ivoire:.com.net.biz.info.org.name.tel.mobi.asia \r\n.ci 5663 websites Cote d’Ivoire- $50 \r\n.city 46171 websites – $50 \r\n.cl 498401 websites Chile – $80 \r\n.claims 2374 websites – $50 \r\n.cleaning 2385 websites – $50 \r\n.click 181015 websites – $50 \r\n.clinic 7006 websites – $50 \r\n.clothing 13639 websites – $50 \r\n.cloud 134113 websites – $50 \r\n.club 1045323 websites – $100 \r\n.cm 12001 websites Cameroon- $50 \r\n.cn 1372416 websites International zone China:.com.net.biz.info.org.name.tel.mobi.asia-$100 \r\n.cn 7264587 websites China – $300 \r\n.co 1778923 websites Colombia – $150 \r\n.coach 12002 websites- $50 \r\n.codes 6844 websites – $50 \r\n.coffee 17257 websites – $50 \r\n.cologne 5137 websites – $50 \r\n.cologne 5198 websites – $50 \r\n.com.ar 657716 websites Argentina – $80 \r\n.com.br 942898 websites Brazil – $100 \r\n.com.cy 11153 websites Cyprus – $50 \r\n.com.ni 23747 websites – $50 \r\n.com.np 38828 websites – $50 \r\n.com.ru, .net.ru, .org.ru, .spb.ru, .msk.ru 79058 websites Russia – $50 \r\n.community 13013 websites – $50 \r\n.company 61217 websites – $50 \r\n.computer 5039 websites – $50 \r\n.condos 2192 websites – $50 \r\n.construction 6804 websites – $50 \r\n.consulting 22128 websites – $50 \r\n.contractors 3982 websites – $50 \r\n.cooking 1476 websites – $50 \r\n.cool 16008 websites – $50 \r\n.coop 7879 websites – $50 \r\n.corsica 1042 websites – $50 \r\n.country 7144 websites – $50 \r\n.cr 7934 websites – $50 \r\n.credit 4020 websites – $50 \r\n.creditcard 825 websites – $50 \r\n.creditunion 511 websites – $50 \r\n.cricket 33413 websites – $50 \r\n.cruises 2234 websites – $50 \r\n.cu 137 websites – $50 \r\n.cv 1879 websites – $50 \r\n.cx 15753 websites – $50 \r\n.cy 11092 websites Cyprus – $50 \r\n.cy 710 websites International zone Cyprus:.com.net.biz.info.org.name.tel.mobi.asia \r\n.cymru 7114 websites – $50 \r\n.cz 193400 websites International zone Czech Republic:.com.net.biz.info.org.name.tel.mobi.asia-$50 \r\n.cz 930208 websites Czech Republic – $80 \r\n.dance 6290 websites – $50 \r\n.date 123037 websites – $50 \r\n.dating 2892 websites – $50 \r\n.de 15078512 websites Germany – $450 \r\n.de 3894156 websites International zone Germany:.com.net.biz.info.org.name.tel.mobi.asia-$200 \r\n.deals 8132 websites – $50 \r\n.degree 2178 websites – $50 \r\n.delivery 4782 websites – $50 \r\n.democrat 1072 websites – $50 \r\n.dental 7541 websites – $50 \r\n.dentist 3046 websites – $50 \r\n.desi 2647 websites – $50 \r\n.design 71711 websites – $50 \r\n.diamonds 2730 websites – $50 \r\n.diet 18291 websites – $50 \r\n.digital 31449 websites – $50 \r\n.direct 10629 websites – $50 \r\n.directory 18157 websites – $50 \r\n.discount 3898 websites – $50 \r\n.dj 7280 websites – $50 \r\n.dk 1320155 websites Denmark – $100 \r\n.dk 148164 websites International zone Denmark:.com.net.biz.info.org.name.tel.mobi.asia-$50 \r\n.dm 23318 websites – $50 \r\n.do 5255 websites Dominican Republic- $50 \r\n.dog 10030 websites – $50 \r\n.domains 6553 websites – $50 \r\n.download 129223 websites – $50 \r\n.durban 2247 websites – $50 \r\n.dz 982 websites – $50 \r\n.earth 8139 websites – $50 \r\n.ec 11731 websites – $50 \r\n.edu 4445 websites – $50 \r\n.edu.np 4883 websites- $50 \r\n.education 22003 websites – $50 \r\n.ee 10490 websites International zone Estonia:.com.net.biz.info.org.name.tel.mobi.asia \r\n.ee 119701 websites Estonia- $50 \r\n.eg 1699 websites – $50 \r\n.email 77321 websites – $50 \r\n.energy 9769 websites – $50 \r\n.engineer 2785 websites – $50 \r\n.engineering 5533 websites – $50 \r\n.enterprises 6153 websites – $50 \r\n.equipment 5760 websites – $50 \r\n.es 1685048 websites Spain – $100 \r\n.es 541916 websites International zone Spain:.com.net.biz.info.org.name.tel.mobi.asia-$80 \r\n.estate 9185 websites – $50 \r\n.et 124 websites – $50 \r\n.eu 3321576 websites Europe – $150 \r\n.eu 633384 websites International zone Europe:.com.net.biz.info.org.name.tel.mobi.asia-$80 \r\n.eus 8116 websites – $50 \r\n.events 22115 websites – $50 \r\n.exchange 9432 websites – $50 \r\n.expert 31240 websites – $50 \r\n.exposed 3147 websites – $50 \r\n.express 6919 websites – $50 \r\n.fail 3322 websites – $50 \r\n.faith 54195 websites – $50 \r\n.family 15577 websites – $50 \r\n.fans 1388 websites – $50 \r\n.farm 13499 websites – $50 \r\n.fashion 12475 websites – $50 \r\n.feedback 2301 websites – $50 \r\n.fi 178337 websites Finland – $50 \r\n.fi 69631 websites International zone Finland:.com.net.biz.info.org.name.tel.mobi.asia – $50 \r\n.film 3601 websites – $50 \r\n.finance 7982 websites – $50 \r\n.financial 4086 websites – $50 \r\n.fish 4162 websites – $50 \r\n.fishing 1423 websites – $50 \r\n.fit 17007 websites – $50 \r\n.fitness 9689 websites – $50 \r\n.flights 2119 websites – $50 \r\n.florist 2286 websites – $50 \r\n.flowers 25590 websites – $50 \r\n.fm 5407 websites – $50 \r\n.fo 3098 websites- $50 \r\n.football 4877 websites – $50 \r\n.forex 212 websites – $50 \r\n.forsale 7118 websites – $50 \r\n.foundation 10118 websites – $50 \r\n.fr 2391045 websites France – $150 \r\n.fr 639546 websites International zone France:.com.net.biz.info.org.name.tel.mobi.asia-$80 \r\n.frl 14028 websites – $50 \r\n.fun 86419 websites – $50 \r\n.fund 11205 websites – $50 \r\n.furniture 2246 websites – $50 \r\n.futbol 2783 websites – $50 \r\n.fyi 9772 websites – $50 \r\n.ga 12048 websites Gabon – $50 \r\n.gal 4606 websites – $50 \r\n.gallery 17263 websites – $50 \r\n.game 1996 websites – $50 \r\n.games 13234 websites – $50 \r\n.garden 914 websites – $50 \r\n.gd 4238 websites – $50 \r\n.ge 1676 websites International zone Georgia:.com.net.biz.info.org.name.tel.mobi.asia \r\n.ge 17361 websites Georgia – $50 \r\n.gent 3389 websites – $50 \r\n.gf 121 websites – $50 \r\n.gg 9443 websites – $50 \r\n.gh 693 websites – $50 \r\n.gi 1063 websites – $50 \r\n.gift 6281 websites – $50 \r\n.gifts 3757 websites – $50 \r\n.gives 1563 websites – $50 \r\n.gl 3575 websites – $50 \r\n.glass 3539 websites – $50 \r\n.global 38972 websites – $50 \r\n.gm 468 websites – $50 \r\n.gmbh 19186 websites – $50 \r\n.gold 9081 websites – $50 \r\n.golf 8319 websites – $50 \r\n.gop 1341 websites – $50 \r\n.gov 4525 websites – $50 \r\n.gov.np 1937 websites- $50 \r\n.gp 416 websites – $50 \r\n.gq 23306 websites – $50 \r\n.gr 356168 websites Greece – $80 \r\n.gr 57984 websites International zone Greece:.com.net.biz.info.org.name.tel.mobi.asia-$50 \r\n.graphics 7155 websites – $50 \r\n.gratis 4283 websites – $50 \r\n.green 3661 websites – $50 \r\n.gripe 1075 websites – $50 \r\n.group 54983 websites – $50 \r\n.gs 5108 websites – $50 \r\n.gt 15351 websites – $50 \r\n.guide 16044 websites – $50 \r\n.guitars 1278 websites – $50 \r\n.guru 60588 websites – $50 \r\n.gy 2447 websites – $50 \r\n.hamburg 23885 websites – $50 \r\n.haus 5186 websites – $50 \r\n.health 6211 websites – $50 \r\n.healthcare 8051 websites – $50 \r\n.help 13500 websites – $50 \r\n.hiphop 1064 websites – $50 \r\n.hiv 331 websites – $50 \r\n.hk 116093 websites – $50 \r\n.hm 249 websites – $50 \r\n.hn 4732 websites – $50 \r\n.hockey 1102 websites – $50 \r\n.holdings 5412 websites – $50 \r\n.holiday 5017 websites – $50 \r\n.homes 432 websites – $50 \r\n.horse 2116 websites – $50 \r\n.host 31309 websites – $50 \r\n.hosting 4132 websites – $50 \r\n.house 18096 websites – $50 \r\n.how 1957 websites – $50 \r\n.hr 16592 websites International zone Croatia:.com.net.biz.info.org.name.tel.mobi.asia \r\n.hr 43565 websites Croatia – $50 \r\n.ht 2559 websites – $50 \r\n.hu 53940 websites International zone Hungary:.com.net.biz.info.org.name.tel.mobi.asia – $50 \r\n.hu 618532 websites Hungary – $80 \r\n.id 37212 websites – $50 \r\n.ie 195987 websites Ireland – $50 \r\n.ie 49861 websites International zone Ireland:.com.net.biz.info.org.name.tel.mobi.asia – $50 \r\n.il 224167 websites Israel – $80 \r\n.il 38537 websites International zone Israel:.com.net.biz.info.org.name.tel.mobi.asia-$50 \r\n.im 20701 websites – $50 \r\n.immo 16009 websites – $50 \r\n.immobilien 7094 websites – $50 \r\n.in 1143482 websites India – $100 \r\n.in 266179 websites International zone India:.com.net.biz.info.org.name.tel.mobi.asia – $50 \r\n.industries 3749 websites – $50 \r\n.ink 27117 websites – $50 \r\n.institute 10134 websites – $50 \r\n.insure 4615 websites – $50 \r\n.int 191 websites – $50 \r\n.international 23930 websites – $50 \r\n.investments 4113 websites – $50 \r\n.io 314287 websites British Indian Ocean – $50 \r\n.iq 1118 websites – $50 \r\n.ir 15487 websites International zone Iran:.com.net.biz.info.org.name.tel.mobi.asia \r\n.ir 427735 websites Iran- $80 \r\n.irish 3326 websites – $50 \r\n.is 31176 websites Iceland – $50 \r\n.ist 10060 websites – $50 \r\n.istanbul 13139 websites – $50 \r\n.it 2258105 websites Italy – $200 \r\n.it 954040 websites International zone Italy:.com.net.biz.info.org.name.tel.mobi.asia-$100 \r\n.je 2716 websites – $50 \r\n.jetzt 11118 websites – $50 \r\n.jetzt 11704 websites – $50 \r\n.jewelry 3350 websites – $50 \r\n.jo 555 websites – $50 \r\n.jobs 46350 websites- $50 \r\n.joburg 3139 websites – $50 \r\n.jp 1146243 websites Japan – $100 \r\n.juegos 844 websites – $50 \r\n.kaufen 7134 websites – $50 \r\n.kg 664 websites International zone Kyrgyzstan:.com.net.biz.info.org.name.tel.mobi.asia \r\n.kg 8919 websites Kyrgyzstan – $50 \r\n.ki 1146 websites – $50 \r\n.kim 16637 websites- $50 \r\n.kitchen 6581 websites – $50 \r\n.kiwi 19426 websites – $50 \r\n.kn 1271 websites – $50 \r\n.koeln 23489 websites – $50 \r\n.kr 254447 websites Korea- $50 \r\n.krd 375 websites – $50 \r\n.kred 6120 websites – $50 \r\n.kw 423 websites – $50 \r\n.ky 1201 websites – $50 \r\n.kyoto 659 websites – $50 \r\n.kz 112459 websites Kazakhstan – $50 \r\n.kz 5876 websites International zone Kazakhstan:.com.net.biz.info.org.name.tel.mobi.asia \r\n.la 32189 websites Laos – $50 \r\n.land 14474 websites- $50 \r\n.lat 2971 websites – $50 \r\n.law 11842 websites – $50 \r\n.lawyer 11600 websites- $50 \r\n.lc 651 websites- $50 \r\n.lease 1855 websites- $50 \r\n.leclerc 127 websites- $50 \r\n.legal 11047 websites- $50 \r\n.lgbt 2249 websites- $50 \r\n.li 12044 websites – $50 \r\n.life 170053 websites – $50 \r\n.lighting 6096 websites – $50 \r\n.limited 5365 websites – $50 \r\n.limo 2409 websites- $50 \r\n.link 133123 websites – $50 \r\n.live 160896 websites – $50 \r\n.lk 6601 websites – $50 \r\n.loan 1932173 websites- $200 \r\n.loans 3914 websites – $50 \r\n.lol 7470 websites- $50 \r\n.london 82443 websites London, United Kingdom- $50 \r\n.love 22287 websites- $50 \r\n.lt 27710 websites International zone Lithuania:.com.net.biz.info.org.name.tel.mobi.asia \r\n.lt 89073 websites Lithuania- $50 \r\n.ltd 329225 websites – $50 \r\n.lu 43052 websites Luxembourg – $50 \r\n.lu 4125 websites International zone Luxembourg:.com.net.biz.info.org.name.tel.mobi.asia \r\n.luxury 905 websites – $50 \r\n.lv 61886 websites Latvia- $50 \r\n.lv 8887 websites International zone Latvia:.com.net.biz.info.org.name.tel.mobi.asia \r\n.ly 8013 websites – $50 \r\n.ma 51862 websites Morocco – $50 \r\n.maison 1123 websites – $50 \r\n.management 10088 websites- $50 \r\n.market 22167 websites- $50 \r\n.marketing 18262 websites- $50 \r\n.markets 816 websites- $50 \r\n.mba 3023 websites- $50 \r\n.mc 3036 websites Monaco – $50 \r\n.md 15435 websites Moldova – $50 \r\n.md 1293 websites International zone Moldova:.com.net.biz.info.org.name.tel.mobi.asia \r\n.me 761596 websites Montenegro – $80 \r\n.me 86897 websites International zone Montenegro:.com.net.biz.info.org.name.tel.mobi.asia – $50 \r\n.media 40573 websites – $50 \r\n.melbourne 10041 websites – $50 \r\n.memorial 512 websites – $50 \r\n.men 470140 websites – $80 \r\n.menu 5512 websites restaurants- $50 \r\n.mg 3380 websites Madagascar- $50 \r\n.miami 14431 websites Miami, USA – $50 \r\n.mk 12704 websites – $50 \r\n.ml 70170 websites – $50 \r\n.mma 1706 websites – $50 \r\n.mn 16710 websites – $50 \r\n.mo 573 websites – $50 \r\n.mobi 462419 websites- $80 \r\n.moda 3015 websites – $50 \r\n.moe 7709 websites – $50 \r\n.mom 3145 websites – $50 \r\n.money 9731 websites – $50 \r\n.mortgage 3126 websites – $50 \r\n.moscow 22097 websites Moscow Russian Federation- $50 \r\n.movie 2575 websites – $50 \r\n.mr 1725 websites – $50 \r\n.ms 7565 websites – $50 \r\n.mt 1623 websites Malta – $50 \r\n.mu 6175 websites – $50 \r\n.museum 34464 websites – $50 \r\n.mv 1907 websites – $50 \r\n.mw 8579 websites Malawi – $50 \r\n.mx 609278 websites Mexico- $80 \r\n.mx 86593 websites International zone Mexico:.com.net.biz.info.org.name.tel.mobi.asia-$50 \r\n.my 283349 websites Malaysia- $80 \r\n.mz 263 websites – $50 \r\n.na 781 websites – $50 \r\n.nagoya 7807 websites – $50 \r\n.name 135818 websites- $50 \r\n.navy 698 websites – $50 \r\n.nc 1240 websites – $50 \r\n.network 40018 websites – $50 \r\n.news 65546 websites – $50 \r\n.ng 16608 websites – $50 \r\n.ngo 3422 websites – $50 \r\n.ninja 49007 websites – $50 \r\n.nl 1019697 websites International zone Netherlands:.com.net.biz.info.org.name.tel.mobi.asia-$100 \r\n.nl 3566172 websites Netherlands – $200 \r\n.no 579185 websites Norway – $80 \r\n.no 74318 websites International zone Norway:.com.net.biz.info.org.name.tel.mobi.asia-$50 \r\n.nra 144 websites – $50 \r\n.nrw 18487 websites – $50 \r\n.nu 489605 websites Niue- $50 \r\n.nyc 67153 websites – $50 \r\n.nz 576127 websites New Zealand – $80 \r\n.om 1603 websites – $50 \r\n.one 63063 websites – $50 \r\n.ong 3422 websites – $50 \r\n.onl 3790 websites – $50 \r\n.online 695007 websites – $50 \r\n.ooo 6400 websites – $50 \r\n.org.np 7082 websites – $50 \r\n.org.ua 41362 websites – $50 \r\n.organic 1633 websites – $50 \r\n.osaka 628 websites – $50 \r\n.ovh 50056 websites – $50 \r\n.pa 1558 websites – $50 \r\n.paris 19283 websites – $50 \r\n.partners 6576 websites – $50 \r\n.parts 5514 websites – $50 \r\n.party 115578 websites- $50 \r\n.pe 59157 websites International zone Peru:.com.net.biz.info.org.name.tel.mobi.asia – $50 \r\n.pe 69367 websites Peru – $50 \r\n.pet 8487 websites – $50 \r\n.pf 349 websites – $50 \r\n.pg 1979 websites Papua – $50 \r\n.ph 17940 websites Philippines – $50 \r\n.photo 17165 websites- $50 \r\n.photography 50434 websites- $50 \r\n.photos 19107 websites- $50 \r\n.physio 1160 websites- $50 \r\n.pics 7659 websites- $50 \r\n.pictures 7807 websites- $50 \r\n.pink 6373 websites- $50 \r\n.pizza 5949 websites – $50 \r\n.pk 44464 websites Pakistan – $50 \r\n.pl 1675325 websites Poland – $100 \r\n.pl 327587 websites International zone Poland:.com.net.biz.info.org.name.tel.mobi.asia-$50 \r\n.place 7002 websites – $50 \r\n.plumbing 3005 websites – $50 \r\n.plus 9892 websites – $50 \r\n.pm 4401 websites – $50 \r\n.poker 3209 websites – $50 \r\n.porn 10023 websites- $50 \r\n.post 3481 websites – $50 \r\n.pr 18419 websites – $50 \r\n.press 35032 websites – $50 \r\n.pro 280776 websites – $50 \r\n.productions 6144 websites – $50 \r\n.promo 5020 websites – $50 \r\n.properties 14144 websites – $50 \r\n.property 4366 websites – $50 \r\n.ps 2050 websites – $50 \r\n.pt 17691 websites International zone Portugal:.com.net.biz.info.org.name.tel.mobi.asia-$50 \r\n.pt 225136 websites Portugal – $80 \r\n.pub 16703 websites – $50 \r\n.pw 16206 websites – $50 \r\n.py 4635 websites – $50 \r\n.qa 8503 websites – $50 \r\n.quebec 8042 websites – $50 \r\n.racing 55001 websites – $50 \r\n.re 11082 websites – $50 \r\n.realtor 39465 websites – $50 \r\n.realty 55291 websites – $50 \r\n.recipes 3251 websites – $50 \r\n.red 25701 websites – $50 \r\n.rehab 1816 websites – $50 \r\n.reise 4146 websites – $50 \r\n.reisen 9228 websites – $50 \r\n.reit 126 websites – $50 \r\n.ren 108303 websites – $50 \r\n.rent 3788 websites – $50 \r\n.rentals 11823 websites- $50 \r\n.repair 6628 websites- $50 \r\n.report 5869 websites – $50 \r\n.republican 952 websites – $50 \r\n.rest 1894 websites – $50 \r\n.restaurant 7703 websites – $50 \r\n.review 229514 websites – $80 \r\n.reviews 16132 websites- $50 \r\n.rio 1062 websites- $50 \r\n.rip 3199 websites- $50 \r\n.ro 42046 websites International zone Romania:.com.net.biz.info.org.name.tel.mobi.asia-$50 \r\n.ro 483266 websites Romania – $80 \r\n.rocks 81108 websites – $50 \r\n.rs 75503 websites Serbia – $50 \r\n.ru 5292104 websites Russian- $250 \r\n.ru 514668 websites International zone Russian:.com.net.biz.info.org.name.tel.mobi.asia -$80 \r\n.ru.com 6499 websites Russia – $50 \r\n.ruhr 9887 websites – $50 \r\n.run 10622 websites – $50 \r\n.rw 244 websites – $50 \r\n.sa 5064 websites International zone Saudi Arabia:.com.net.biz.info.org.name.tel.mobi.asia \r\n.sa 11604 websites Saudi Arabia- $50 \r\n.saarland 3825 websites – $50 \r\n.sale 35407 websites – $50 \r\n.salon 1782 websites – $50 \r\n.sarl 939 websites – $50 \r\n.sc 4942 websites Seychelles- $50 \r\n.school 11672 websites – $50 \r\n.schule 4678 websites – $50 \r\n.science 74115 websites – $80 \r\n.scot 11175 websites – $50 \r\n.sd 619 websites – $50 \r\n.se 293316 websites International zone Sweden:.com.net.biz.info.org.name.tel.mobi.asia-$50 \r\n.se 1799365 websites Sweden – $150 \r\n.seat 618 websites – $50 \r\n.security 255 websites – $50 \r\n.services 52098 websites – $50 \r\n.sex 7655 websites – $50 \r\n.sexy 18260 websites – $50 \r\n.sg 164351 websites Republic Of Singapore – $50 \r\n.sh 9408 websites – $50 \r\n.shiksha 1626 websites – $50 \r\n.shoes 5007 websites – $50 \r\n.shop 402139 websites – $80 \r\n.shopping 6297 websites – $50 \r\n.show 6946 websites – $50 \r\n.si 12879 websites International zone Slovenia:.com.net.biz.info.org.name.tel.mobi.asia – $50 \r\n.si 39749 websites Slovenia- $50 \r\n.singles 3559 websites – $50 \r\n.site 384414 websites – $80 \r\n.sk 31572 websites International zone Slovakia:.com.net.biz.info.org.name.tel.mobi.asia – $50 \r\n.sk 347101 websites Slovakia- $80 \r\n.ski 5071 websites – $50 \r\n.sl 418 websites – $50 \r\n.sm 2009 websites – $50 \r\n.sn 344 websites International zone Senegal:.com.net.biz.info.org.name.tel.mobi.asia \r\n.sn 4954 websites Senegal – $50 \r\n.so 9003 websites – $50 \r\n.soccer 2833 websites – $50 \r\n.social 19134 websites – $50 \r\n.software 13001 websites – $50 \r\n.solar 7095 websites – $50 \r\n.solutions 81282 websites – $50 \r\n.soy 1200 websites – $50 \r\n.space 220771 websites – $80 \r\n.sr 638 – $50 \r\n.srl 4391 – $50 \r\n.st 7683 websites – $50 \r\n.storage 623 – $50 \r\n.store 167141 websites – $50 \r\n.stream 239795 websites – $80 \r\n.studio 39132 websites – $50 \r\n.study 5132 websites – $50 \r\n.style 9248 websites – $50 \r\n.su 125358 websites Russian- $50 \r\n.sucks 7629 websites – $50 \r\n.supplies 3082 websites – $50 \r\n.supply 4580 websites – $50 \r\n.support 20377 websites – $50 \r\n.surf 2573 websites – $50 \r\n.surgery 1778 websites – $50 \r\n.sv 8132 websites Salvador- $50 \r\n.swiss 17323 websites – $50 \r\n.sx 3240 websites – $50 \r\n.sy 2063 websites – $50 \r\n.sydney 10073 websites – $50 \r\n.systems 26094 websites – $50 \r\n.sz 194 websites – $50 \r\n.taipei 5664 websites – $50 \r\n.tattoo 2004 websites- $50 \r\n.tax 5788 websites – $50 \r\n.taxi 5784 websites – $50 \r\n.tc 16384 websites Turks and Caicos Islands- $50 \r\n.team 18421 websites- $50 \r\n.tech 196321 websites – $50 \r\n.technology 40181 websites- $50 \r\n.tel 80752 websites- $50 \r\n.tennis 1494 websites – $50 \r\n.tf 2049 websites – $50 \r\n.tg 521 websites – $50 \r\n.th 23968 websites Kingdom Of Thailand- $50 \r\n.theater 1053 websites – $50 \r\n.tickets 1141 websites – $50 \r\n.tienda 2951 websites – $50 \r\n.tips 31287 websites- $50 \r\n.tires 960 websites – $50 \r\n.tirol 5412 websites – $50 \r\n.tj 34 websites International zone Tajikistan:.com.net.biz.info.org.name.tel.mobi.asia \r\n.tj 6804 websites Tajikistan- $50 \r\n.tk 12799253 websites Tokelau – $450 \r\n.tl 2728 websites – $50 \r\n.tm 6056 websites Turkmenistan- $50 \r\n.tm 44 websites International zone Turkmenistan:.com.net.biz.info.org.name.tel.mobi.asia \r\n.tn 27383 websites – $50 \r\n.to 16987 websites Tonga- $50 \r\n.today 98034 websites – $50 \r\n.tokyo 90132 websites – $50 \r\n.tools 10439 websites – $50 \r\n.top 2140480 websites – $200 \r\n.tours 9151 websites – $50 \r\n.town 3328 websites – $50 \r\n.toys 4391 websites – $50 \r\n.tr 138818 International zone Turkey:.com.net.biz.info.org.name.tel.mobi.asia -$50 \r\n.tr 317690 websites Turkey – $80 \r\n.trade 151130 websites – $50 \r\n.trading 896 websites – $50 \r\n.training 18192 websites – $50 \r\n.travel 18054 websites – $50 \r\n.tt 516 websites – $50 \r\n.tube 2104 websites – $50 \r\n.tv 559502 websites Tuvalu – $80 \r\n.tw 243062 websites Taiwan – $50 \r\n.tz 1874 websites – $50 \r\n.ua 117701 websites International zone Ukraine:.com.net.biz.info.org.name.tel.mobi.asia-$50 \r\n.ua 553216 websites Ukraina – $80 \r\n.ug 2331 websites Ukraina \r\n.uk 3304606 websites International zone United Kingdom:.com.net.biz.info.org.name.tel.mobi.asia-$150 \r\n.uk 5496382 websites United Kingdom – $250 \r\n.university 5799 websites – $50 \r\n.uno 16394 websites – $50 \r\n.us 3139563 websites USA – $200 \r\n.us 578927 websites International zone USA:.com.net.biz.info.org.name.tel.mobi.asia-$80 \r\n.uy 14683 websites Uruguay – $50 \r\n.uz 365 websites International zone Uzbekistan:.com.net.biz.info.org.name.tel.mobi.asia \r\n.uz 14689 websites Uzbekistan – $50 \r\n.vacations 3926 websites – $50 \r\n.vc 16606 websites – $50 \r\n.ve 14015 websites Venezuela – $50 \r\n.vegas 18008 websites Las Vegas NV United States of America – $50 \r\n.ventures 10066 websites – $50 \r\n.versicherung 2009 websites – $50 \r\n.vet 5760 websites – $50 \r\n.vg 8389 site – $50 \r\n.viajes 2512 site – $50 \r\n.video 16204 websites- $50 \r\n.villas 1940 site – $50 \r\n.vin 5094 websites – $50 \r\n.vip 755289 websites – $80 \r\n.vision 6420 websites – $50 \r\n.vlaanderen 6114 websites – $50 \r\n.vn 161855 websites International zone Vietnam:.com.net.biz.info.org.name.tel.mobi.asia – $50 \r\n.vn 436005 websites Vietnam – $80 \r\n.vodka 1420 websites – $50 \r\n.vote 2316 websites – $50 \r\n.voto 269 websites – $50 \r\n.voyage 2773 websites – $50 \r\n.vu 1201 websites – $50 \r\n.wales 13063 websites – $50 \r\n.wang 604718 websites – $80 \r\n.watch 6120 websites – $50 \r\n.webcam 60142 websites – $50 \r\n.website 207002 websites -$50 \r\n.wedding 22162 websites – $50 \r\n.wf 1188 websites – $50 \r\n.wien 14464 websites – $50 \r\n.wien 14913 websites – $50 \r\n.wiki 14129 websites wikis – $50 \r\n.win 655735 websites – $80 \r\n.wine 13095 websites – $50 \r\n.work 256086 websites – $80 \r\n.works 15112 websites – $50 \r\n.world 86012 websites – $50 \r\n.ws 97008 websites Samoa- $80 \r\n.wtf 10038 websites – $50 \r\n.xin 178450 websites – $50 \r\n.xn--3ds443g 44019 websites – $50 \r\n.xn--55qx5d 47456 websites – $50 \r\n.xn--6qq986b3xl 18188 websites – $50 \r\n.xn--czr694b 21109 websites – $50 \r\n.xn--czru2d 9020 websites – $50 \r\n.xn--fiq228c5hs 12145 websites – $50 \r\n.xn--io0a7i 30199 websites – $50 \r\n.xn--j6w193g 31764 websites – $50 \r\n.xn--kput3i 31856 websites – $50 \r\n.xn--mgbaam7a8h 2038 websites – $50 \r\n.xn--mgberp4a5d4ar 2534 websites – $50 \r\n.xn--mk1bu44c 6001 websites – $50 \r\n.xn--rhqv96g 7723 websites – $50 \r\n.xn--ses554g 198539 websites – $80 \r\n.xn--tckwe 6197 websites – $50 \r\n.xn--vuq861b 19706 websites – $50 \r\n.xxx 119879 websites- $50 \r\n.xyz 1888763 websites – $150 \r\n.yachts 154 websites – $50 \r\n.yoga 7963 websites – $50 \r\n.yokohama 8140 websites – $50 \r\n.yt 2004 websites – $50 \r\n.za 837189 websites South Africa – $100 \r\n.zm 224 websites – $50 \r\n.zone 25798 websites – $50 \r\n.бг (.xn--90ae) 2470 websites – $50 \r\n.дети 169 websites – $50 \r\n.москва (.xn--80adxhks) 19582 websites Moscow – $50 \r\n.онлайн 3403 websites – $50 \r\n.орг 1160 websites – $50 \r\n.рус (.xn--p1acf) 110789 websites – $50 \r\n.рф (.xn--p1ai) 869759 websites Russia – $80 \r\n.сайт 1146 websites – $50 \r\n.укр (.xn--j1amh) 10563 websites- $50 \r\n.संगठन 105  sites – $50 \r\n>.みんな 166  sites – $50 \r\n.コム    6532  sites – $50 \r\n.世界    4171  sites – $50 \r\n.公司    46161  sites – $50 \r\n.商城    6 907  sites – $50 \r\n.商标    9865  sites – $50 \r\n.我爱你 15465  sites – $50 \r\n.手机    31543  sites – $50 \r\n.机构    243  sites – $50 \r\n.游戏    187  sites – $50 \r\n.移动    3277  sites – $50 \r\n.网店    3711  sites – $50 \r\n.网络    30808  sites – $50 \r\n.닷컴    5937  sites – $50 \r\n.بازار  sites 648 – $50 \r\n.شبكة   sites 833 – $50 \r\n.موقع   sites 478 – $50"
},
{
	"_id" : ObjectId("5dab6631f4df266c17c710f2"),
	"firstName" : "Rueben",
	"email" : "mcevoy.rueben@gmail.com",
	"preferredContact" : "Email",
	"location" : "",
	"lastName" : "McEvoy",
	"phoneNo" : null,
	"message" : null
},
{
	"_id" : ObjectId("5dacae70f4df266c17c71168"),
	"firstName" : "latamdatepdx",
	"email" : "ltandage56@mail.ru",
	"preferredContact" : "",
	"location" : "lation",
	"lastName" : "latamdateinoHO",
	"phoneNo" : "82513182586",
	"message" : "breaking down guarantees on muslim immigration\r\n\r\nmilitary input at the heart east would certainly aid the prevention of <a href=https://latamdatescamblog.wordpress.com/2016/08/30/latamdate-review-is-latamdate-scam-or-not/>LatamDate SCAM</a> the kinds of conditions observed in paris, europe, yesterday evening. should do to attempt to stop something similar taking the.\r\n\r\n\"understand, I feel that everything you caught taking of these last so often, coming from what happened all the way through Ottawa, what actually transpired in the paris, europe, <a href=http://www.digitaljournal.com/pr/3629134>latamDATE</a> and so what now happened Belgium, actuality that we posting an exciting new and maybe very much deadly segment documented in <a href=https://plus.google.com/+LatamDateReview>latamdate scam</a> battle along with terrorism, Panetta tells me.\r\n\r\nincluding, Fareed asserts as well as Malcolm Gladwell, just who published going for the worn out windows basic principle with his very well known booklet The showing period, not to mention Bernard Harcourt, which of you published a book labelled impression concerning shop: our own inappropriate assumption regarding harmed Windows regulating, about this much talked over scenario.\r\n\r\njust evaluate the conduct of which Terrorists. they may have already patterned the availability of persona need hinddoou sadhus thanks to too long beards. that bands are individuals of a tantrik specifically through Mahabharata. small explore.\r\n\r\nWe believe that indian stances an evident not to mention provide associated risk on to the regional security measures around the world. Hindu conspiracy extremism is on the rise in addition to the fanning virtually terrorism around the globe. of indians are definitely bankers from as well money terrorism promote ing Tshelteringibans the whole bunch Qaeda in. remorse located on quite a number of Indians. enjoy the NAZI they should be pulled over vigorously not to mention straightaway excluding indepth ado. generally Govts are actually irrational to think in addition to the have said horror actually islam identified.\r\n\r\nFareed Zakaria gps TVEvery almost allek supply you with completely interviews through global leaders, Newsmakers and simply experts to whom come apart the world's govt problem.\r\n"
},
{
	"_id" : ObjectId("5daf5b94e438a35738e51087"),
	"firstName" : "Lisa",
	"email" : "lisa@explainmybusiness.com",
	"preferredContact" : "Email",
	"location" : "",
	"lastName" : "Wagner",
	"phoneNo" : null,
	"message" : null
},
{
	"_id" : ObjectId("5db1058eb211e256d79f6174"),
	"firstName" : "BenitoMig",
	"email" : "cbu@cyberdude.com",
	"preferredContact" : "",
	"location" : "Ghana",
	"lastName" : "BenitoMigAO",
	"phoneNo" : "88197299447",
	"message" : "Hi calimarine.com manager, \r\n \r\n \r\nSee, ClickBank is going to BREAK the Internet. \r\nThey’re doing something SO CRAZY, it might just tear the Internet at its seams. \r\n \r\nInstead of selling our 3-Part “ClickBank Breaks The Internet” Extravaganza Series… They’re giving it to you at no cost but you need to get it now or it will be gone! \r\n \r\nWatch Top Online Earners Reveal How They Can Make THOUSANDS IN JUST HOURS: https://millionairesfilm.com \r\n \r\nHere’s to kicking off the Fall season right!"
},
{
	"_id" : ObjectId("5db13e44cc700d36dffe0eab"),
	"firstName" : "Lesli",
	"email" : "lesli.trower@gmail.com",
	"preferredContact" : "Email",
	"location" : "",
	"lastName" : "Trower",
	"phoneNo" : null,
	"message" : null
},
{
	"_id" : ObjectId("5db218f79c9265799a70c319"),
	"firstName" : "Winston",
	"email" : "nguyenytli24@thefirstpageplan.com",
	"preferredContact" : "Email",
	"location" : "",
	"lastName" : "Winston",
	"phoneNo" : null,
	"message" : null
},
{
	"_id" : ObjectId("5db296ddcf6a9e53d0149025"),
	"firstName" : "Elmo",
	"email" : "elmo.proeschel@msn.com",
	"preferredContact" : "Email",
	"location" : "",
	"lastName" : "Proeschel",
	"phoneNo" : null,
	"message" : null
},
{
	"_id" : ObjectId("5db51b582c2ea26b768fd26b"),
	"firstName" : "Kevingox",
	"email" : "rodgerMaymn@outlook.com",
	"preferredContact" : "",
	"location" : "Uruguay",
	"lastName" : "KevingoxKQ",
	"phoneNo" : "81123677556",
	"message" : "hi there \r\nI have just checked calimarine.com for the ranking keywords and to see your SEO metrics and found that you website could use a boost. \r\n \r\nWe will improve your SEO metrics and ranks organically and safely, using only whitehat methods \r\n \r\nPlease check our pricelist here, we offer SEO at cheap rates. \r\nhttps://www.hilkom-digital.de/cheap-seo-packages/ \r\n \r\nStart boosting your business sales and leads with us, today! \r\n \r\nregards \r\nHilkom Digital Team \r\nsupport@hilkom-digital.de"
},
{
	"_id" : ObjectId("5db6414d2c2ea26b768fd2c9"),
	"firstName" : "charmdatenor",
	"email" : "cgmzsk23@gmail.com",
	"preferredContact" : "",
	"location" : "Bahrain",
	"lastName" : "charmdatepavNM",
	"phoneNo" : "81557163816",
	"message" : "Arizona's kinds\r\n\r\nsubstantial bonsai pierces roof top of Mesa personal, hooks bed sheets regarding bedHuge woods pierces roof covering of Mesa non commercial, hooks bed sheets you can bedUpdated: monday, <a href=https://www.flickr.com/photos/charmdatescam/>CHARMDATE SCAM</a> september 9 2018 10:58 pm EDT2018 08 10 02:58:54 GMTJohnson capabilities tackles potential customer claims, different kinds of issuesJohnson resources address contact information caller issues, a variety of other issuesUpdated: tuesday, august 9 2018 9:18 pm EDT2018 08 10 01:18:10 GMT(foundation: 3TV/CBS 5)(foundation: 3TV/CBS 5)the very first time, johnson attributes is very much consulting ascending in relation to diverse setbacks, issues, combined with violations.responsible for, manley software programs is simply giving a presentation towards with regards to various errors, complaints, and after that infractions.lightning imaginable cause for establishing three apartment fires inside tempe region area three areaUpdated: thurs,this, may 9 2018 4:43 pm EDT2018 08 09 20:43:57 GMT(aid: Gilbert hearth in addition to test unit)(beginning: Gilbert flame with recover work group)turbo could be the reason for getting started with three eastern vly property or home that will fire last week.super could be critical to begin three eastern side vly condo shoots yesterday.must of the phoenix az places utility lines possibly metro?should all of the phoenix, arizona places utility lines wind up being subterranean?updated: monday, aug 7 2018 10:21 in the morning EDT2018 08 07 14:21:02 GMT(form: 3TV/CBS 5)(primary element: 3TV/CBS 5)it's difficult to tell, But much of the electric power submitting dialogue that do capacity phoenix room homes are left metro, Which brings about reduced chafes from abrasion damage by way of monsoon tropical storms.it's difficult to tell, But almost all the strength syndication odds when electrical energy tempe city buildings are laid to rest subway, Which ensures they are much <a href=https://charmdatescamreviews.wordpress.com/>charmdate scam</a> susceptible to damage while in monsoon thunder storms.az breating heart and soul acquiring dominance places sensitive and vulnerable owners over at risk riskUpded: wednesday, may 1 2018 1:38 pm EDT2018 08 01 17:38:21 GMT.\r\n"
},
{
	"_id" : ObjectId("5db7ceb50fffa567d70ce480"),
	"firstName" : "Heidi",
	"email" : "heidi@biglep.com",
	"preferredContact" : "Email",
	"location" : "",
	"lastName" : "Ross",
	"phoneNo" : null,
	"message" : null
},
{
	"_id" : ObjectId("5db97cdc35764a66afd7ba71"),
	"firstName" : "Jessiegex",
	"email" : "info2@revlight.com.sg",
	"preferredContact" : "",
	"location" : "Uruguay",
	"lastName" : "JessiegexBT",
	"phoneNo" : "85861883986",
	"message" : "Dear Sir/mdm, \r\n \r\nAre you satisfied with your current CCTV on quality and service? Tired \r\nof cameras that always broke down easily? \r\n \r\nDon't worry, we manufacture High-Definition Security Surveillance \r\nSystems for Residential & Commercial uses. All our cameras are metal \r\nweatherproof and comes with sony sensor for maximum quality. \r\nIPcam video quality: https://youtu.be/VPG82dnXfWY \r\n \r\n+65 6678-6557 \r\nEmail: sales@revlightsecurity.com \r\nW: http://www.revlightsecurity.com/ \r\n \r\nHave a nice day! :) \r\n \r\nregards, \r\nJessie Chang \r\n7 Temasek Boulevard, Level 32, Suntec Tower One, Singapore \r\n038987"
},
{
	"_id" : ObjectId("5db9830f6d81856d5cd9a046"),
	"firstName" : "antikvarJucky",
	"email" : "trikidi_tolya@mail.ru",
	"preferredContact" : "",
	"location" : "Russia",
	"lastName" : "antikvarJuckyZX",
	"phoneNo" : "84765236163",
	"message" : " \r\n<a href=https://waterloo-collection.ru/7800/>Медаль в память 35-летия окончания 2 Мировой войны — Бельгия — купить</a>  Медаль в память 35-летия окончания II Мировой войны.  \r\n \r\nМагазин военного антиквариата Ватерлоо <a href=https://waterloo-collection.ru>waterloo-collection.ru</a>  Катаны, сабли, вакидзаси, мечи, шпаги, син-гунто, кай-гунто и многое другое"
},
{
	"_id" : ObjectId("5db9ced76b40ec2ff69f6231"),
	"firstName" : "AveryProry",
	"email" : "raphaeTiB@gmail.com",
	"preferredContact" : "",
	"location" : "Iraq",
	"lastName" : "AveryProryIY",
	"phoneNo" : "85652261573",
	"message" : "Good day!  calimarine.com \r\n \r\nHave you ever heard of sending messages via feedback forms? \r\n \r\nThink of that your message will be readread by hundreds of thousands of your future future userscustomers. \r\nYour message will not go to the spam folder because people will send the message to themselves. As an example, we have sent you our offer  in the same way. \r\n \r\nWe have a database of more than 35 million sites to which we can send your letter. Sites are sorted by country. Unfortunately, you can only select a country when sending a message. \r\n \r\nThe cost of one million messages 49 USD. \r\nThere is a discount program when you purchase  more than two million letter packages. \r\n \r\n \r\nFree proof mailing of 50,000 messages to any country of your choice. \r\n \r\n \r\nThis offer is created automatically. Please use the contact details below to contact us. \r\n \r\n \r\n \r\nContact us. \r\nTelegram - @FeedbackFormEU \r\nSkype  FeedbackForm2019 \r\nEmail - feedbackform@make-success.com"
},
{
	"_id" : ObjectId("5dba12976b40ec2ff69f6258"),
	"firstName" : "Robertjeops",
	"email" : "roberttaugs@gmail.com",
	"preferredContact" : "",
	"location" : "Norway",
	"lastName" : "RobertjeopsKA",
	"phoneNo" : "84413926588",
	"message" : "Back in 1989, humanity learned about MMM, Then the opportunity to achieve its financial goals became available for all mankind. New markets were opened and the world changed with MMM! \r\n \r\nNow MMM is the largest international cryptocurrency company \"Crypto MMM\" with huge resources and capabilities. \r\n \r\nToday, anyone who owns a cryptocurrency can become a member of the global Crypto MMM project and start earning money with all participants in the blockchain community. \r\nIn just 2 days, MMM pays its member + 10% of any investment in the project. \r\n \r\nBut even without investing, MMM makes it possible, with the help of a unique and very generous multi-level affiliate program, to earn 9% every day by inviting new participants to the project. Earn money with the crypto MMM blockchain community \r\n \r\nRegistration in the project:   https://www.crypto-mmm.com/?source=ibtc \r\n"
},
{
	"_id" : ObjectId("5dba19b86b40ec2ff69f625d"),
	"firstName" : "Glory",
	"email" : "glory.vidal@gmail.com",
	"preferredContact" : "Email",
	"location" : "",
	"lastName" : "Vidal",
	"phoneNo" : null,
	"message" : null
},
{
	"_id" : ObjectId("5dbad32c3aee9c5842477daa"),
	"firstName" : "Luke",
	"email" : "luke@wpgenius.com",
	"preferredContact" : "Email",
	"location" : "",
	"lastName" : "Brown",
	"phoneNo" : null,
	"message" : null
},
{
	"_id" : ObjectId("5dbb474e4208071eecb876bf"),
	"firstName" : "отличное крео для донора отличное крео для донора отличное крео для донора отличное крео для донора отличное крео для донора отличное крео для донора http://google.com",
	"email" : "conwaybxn@mail.ru",
	"preferredContact" : "",
	"location" : "Russia",
	"lastName" : "отличное крео для донора отличное крео для донора отличное крео для донора отличное крео для донора отличное крео для донора отличное крео для донора http://google.com",
	"phoneNo" : "88356825455",
	"message" : "отличное крео для донора отличное крео для донора отличное крео для донора отличное крео для донора отличное крео для донора отличное крео для донора http://google.com"
},
{
	"_id" : ObjectId("5dbc76812f492816a881707b"),
	"firstName" : "France",
	"email" : "france.brunette@gmail.com",
	"preferredContact" : "Email",
	"location" : "",
	"lastName" : "Brunette",
	"phoneNo" : null,
	"message" : null
},
{
	"_id" : ObjectId("5dbdfdfe2f492816a8817103"),
	"firstName" : "Dorcas",
	"email" : "dorcas.caswell@gmail.com",
	"preferredContact" : "Email",
	"location" : "",
	"lastName" : "Caswell",
	"phoneNo" : null,
	"message" : null
},
{
	"_id" : ObjectId("5dbeec042f492816a8817156"),
	"firstName" : "Nan",
	"email" : "nan.sundberg@gmail.com",
	"preferredContact" : "Email",
	"location" : "",
	"lastName" : "Sundberg",
	"phoneNo" : null,
	"message" : null
},
{
	"_id" : ObjectId("5dbefe432f492816a881715f"),
	"firstName" : "Gisele",
	"email" : "gisele.vail@gmail.com",
	"preferredContact" : "Email",
	"location" : "",
	"lastName" : "Vail",
	"phoneNo" : null,
	"message" : null
},
{
	"_id" : ObjectId("5dc139872ce6da30ed9a421f"),
	"firstName" : "Dave",
	"email" : "dave@gmbmarketing.com",
	"preferredContact" : "Email",
	"location" : "",
	"lastName" : "Radecki",
	"phoneNo" : null,
	"message" : null
},
{
	"_id" : ObjectId("5dc1a3bf2ce6da30ed9a4233"),
	"firstName" : "Chassidy",
	"email" : "chassidy.tivey50@gmail.com",
	"preferredContact" : "Email",
	"location" : "",
	"lastName" : "Tivey",
	"phoneNo" : null,
	"message" : null
},
{
	"_id" : ObjectId("5dc4a4912ce6da30ed9a4883"),
	"firstName" : "MichaelPinny",
	"email" : "info@calimarine.com",
	"preferredContact" : "",
	"location" : "Germany",
	"lastName" : "MichaelPinnyBA",
	"phoneNo" : "82541794234",
	"message" : "Hello \r\n \r\nWe are a manufacturer. We wholesale LV bags at a wholesale price.  Please check our albums and send me your order list.  I will send you the price details ASAP. \r\n \r\nLV albums: https://dream2017.x.yupoo.com/collections/486603 \r\nUGG Boot: https://sxxy2009.x.yupoo.com/albums \r\nMoncler/Canada Goose Jacket: https://kzl1688.x.yupoo.com/albums \r\n \r\nAlso please send me what you want if the products are not listed on our albums. \r\n \r\nEmail Us: onlinesalevip@gmail.com \r\n \r\nRegards, \r\n \r\n \r\nCali Marine - Contact - http://www.calimarine.com"
},
{
	"_id" : ObjectId("5dc4e3fd2ce6da30ed9a4892"),
	"firstName" : "Ryan",
	"email" : "projobnetwork2@outlook.com",
	"preferredContact" : "Email",
	"location" : "",
	"lastName" : "C",
	"phoneNo" : null,
	"message" : null
},
{
	"_id" : ObjectId("5dc575f52ce6da30ed9a4908"),
	"firstName" : "Savannah",
	"email" : "savannah@webcustomers.icu",
	"preferredContact" : "Email",
	"location" : "",
	"lastName" : "Garland",
	"phoneNo" : null,
	"message" : null
},
{
	"_id" : ObjectId("5dc5a5b72ce6da30ed9a4912"),
	"firstName" : "Mike",
	"email" : "noreplymonkeydigital@gmail.com",
	"preferredContact" : "Email",
	"location" : "",
	"lastName" : "Miramontes",
	"phoneNo" : null,
	"message" : null
},
{
	"_id" : ObjectId("5dc691bd2ce6da30ed9a4e90"),
	"firstName" : "отличное крео для донора отличное крео для донора отличное крео для донора отличное крео для донора отличное крео для донора отличное крео для донора http://google.com",
	"email" : "okaziv61@mail.ru",
	"preferredContact" : "",
	"location" : "Russia",
	"lastName" : "отличное крео для донора отличное крео для донора отличное крео для донора отличное крео для донора отличное крео для донора отличное крео для донора http://google.com",
	"phoneNo" : "82282822566",
	"message" : "отличное крео для донора отличное крео для донора отличное крео для донора отличное крео для донора отличное крео для донора отличное крео для донора http://google.com"
},
{
	"_id" : ObjectId("5dc88b962ce6da30ed9a4f21"),
	"firstName" : "Graciela",
	"email" : "graciela.lyng@gmail.com",
	"preferredContact" : "Email",
	"location" : "",
	"lastName" : "Lyng",
	"phoneNo" : null,
	"message" : null
},
{
	"_id" : ObjectId("5dca8a562ce6da30ed9a56f9"),
	"firstName" : "Steve",
	"email" : "steveweb.jobs+viator@gmail.com",
	"preferredContact" : "Email",
	"location" : "",
	"lastName" : "Saint",
	"phoneNo" : null,
	"message" : null
},
{
	"_id" : ObjectId("5dcab3642ce6da30ed9a5782"),
	"firstName" : "averena24swami",
	"email" : "valentinxomyakow89@mail.ru",
	"preferredContact" : "",
	"location" : "Russia",
	"lastName" : "averena24swamiQL",
	"phoneNo" : "87426473721",
	"message" : " \r\n http://averena24.ru - санкнижка дешево  -  подробнее на нашем сайте https://averena24.ru - averena24.ru \r\nЛичная https://averena24.ru - медицинская книжка (https://averena24.ru - санитарная книжка) - официальный документ строгой отчетности. В санитарной книжке отражаются все данные о результатах периодических осмотров, сдачи анализов и прививках, наличия инфекционных заболеваний, а также о прохождении курсов по гигиеническому воспитанию и аттестации."
},
{
	"_id" : ObjectId("5dcbf0a944b0b3795f204025"),
	"firstName" : "Davidfrifs",
	"email" : "rodgerMaymn@outlook.com",
	"preferredContact" : "",
	"location" : "Poland",
	"lastName" : "DavidfrifsIC",
	"phoneNo" : "88779187561",
	"message" : "Buy very rare high ahrefs SEO metrics score backlinks. Manual backlinks placed on quality websites which have high UR and DR ahrefs score. Order today while we can offer this service, Limited time offer. \r\n \r\nmore info: \r\nhttps://www.monkeydigital.co/product/high-ahrefs-backlinks/ \r\n \r\nthanks \r\nMonkey Digital Team \r\n \r\n200 high aHrefs UR DR backlinks – Monkey Digital \r\nhttps://www.monkeydigital.co"
},
{
	"_id" : ObjectId("5dcca429116b044d0b021d15"),
	"firstName" : "Ваш адрес email победил и вы получаете шанс забрать денежный бонус! Переходите и заберите: message https://google.com/",
	"email" : "lidiya.volkomirskaya@mail.ru",
	"preferredContact" : "",
	"location" : "Liberia",
	"lastName" : "Ваш адрес email победил и вы получаете шанс забрать денежный бонус! Переходите и заберите: message https://google.com/",
	"phoneNo" : "86914678261",
	"message" : "Ваш email выбран случайно и получаете от нас супер бонус! Подробнее тут: message https://google.com/"
},
{
	"_id" : ObjectId("5dccd555116b044d0b0267b4"),
	"firstName" : "Jai",
	"email" : "dedman.jai@gmail.com",
	"preferredContact" : "Email",
	"location" : "",
	"lastName" : "Dedman",
	"phoneNo" : null,
	"message" : null
},
{
	"_id" : ObjectId("5dccef4d89b095347557d36d"),
	"firstName" : "Sidney",
	"email" : "beeman.sidney@googlemail.com",
	"preferredContact" : "Email",
	"location" : "",
	"lastName" : "Beeman",
	"phoneNo" : null,
	"message" : null
},
{
	"_id" : ObjectId("5dce1218286e3b34c792a236"),
	"firstName" : "Eric",
	"email" : "eric@talkwithcustomer.com",
	"preferredContact" : "Email",
	"location" : "",
	"lastName" : "Jones",
	"phoneNo" : null,
	"message" : null
},
{
	"_id" : ObjectId("5dd0da93286e3b34c796d03b"),
	"firstName" : "James",
	"email" : "james@globaltrafficsolutions.xyz",
	"preferredContact" : "Email",
	"location" : "",
	"lastName" : "Antolli",
	"phoneNo" : null,
	"message" : null
},
{
	"_id" : ObjectId("5dd18b997cc45f3cbcb3258c"),
	"firstName" : "Eric",
	"email" : "eric@talkwithcustomer.com",
	"preferredContact" : "Email",
	"location" : "",
	"lastName" : "Jones",
	"phoneNo" : null,
	"message" : null
},
{
	"_id" : ObjectId("5dd1de937cc45f3cbcb3a119"),
	"firstName" : "Gregory",
	"email" : "gregory.fox@yahoo.com",
	"preferredContact" : "Email",
	"location" : "",
	"lastName" : "Fox",
	"phoneNo" : null,
	"message" : null
},
{
	"_id" : ObjectId("5dd28474906d7c569b22a635"),
	"firstName" : "Tawanna",
	"email" : "wedgwood.tawanna59@gmail.com",
	"preferredContact" : "Email",
	"location" : "",
	"lastName" : "Wedgwood",
	"phoneNo" : null,
	"message" : null
},
{
	"_id" : ObjectId("5dd28a2a906d7c569b22aee7"),
	"firstName" : "DavidPlads",
	"email" : "busterrip@gmail.com",
	"preferredContact" : "",
	"location" : "Jamaica",
	"lastName" : "DavidPladsFC",
	"phoneNo" : "83642749287",
	"message" : "Take part in the survey from TELEGRAM and get money from sponsors \r\nhttps://online2019.com/"
},
{
	"_id" : ObjectId("5dd330a5906d7c569b23a5ce"),
	"firstName" : "WinfredWax",
	"email" : "anthonyenarm@gmail.com",
	"preferredContact" : "",
	"location" : "Mauritius",
	"lastName" : "WinfredWaxIO",
	"phoneNo" : "88457563877",
	"message" : "The international Blockchain project \"Eldorado\" \r\nLeader in short-term investing in the cryptocurrency market. \r\nThe leader in payments for the affiliate program. \r\n \r\nThe investment period is 2 days. \r\nMinimum profit is 10%   \r\nDaily payments under the affiliate program. \r\n \r\nRegistration in the project: \r\nhttp://bit.ly/35b4lXg \r\n"
},
{
	"_id" : ObjectId("5dd3740c906d7c569b2408fc"),
	"firstName" : "Eric",
	"email" : "eric@talkwithcustomer.com",
	"preferredContact" : "Email",
	"location" : "",
	"lastName" : "Jones",
	"phoneNo" : null,
	"message" : null
},
