{
	"_id" : ObjectId("5d81f2b9da20c417ad7ee126"),
	"template_slug" : "contact_for_boat",
	"template_name" : "Contact for Boat",
	"email_to" : "Leadimport.wolfwatersports@gmail.com",
	"bcc" : "test",
	"from" : "Wolf Watersports",
	"from_email" : "info@wolfwatersports.com",
	"email_subject" : "Contact us - Boat Detail",
	"content" : "<p>Name: [full_name]<br>Email: [email]<br>Phone: [phone]<br>Message: [comments]<br>Boat Make: [boat_make]<br>Boat Model: [boat_model]<br>Boat Y<em>ear: [boat_year]</em><br><em>Boat Stock Number: [boat_stock_no]</em><br><em>Boat Hull ID</em>: [boat_hull_id]</p>\n<p><strong>Good</strong></p>\n<p></p>\n"
},
{
	"_id" : ObjectId("5d81f2c6da20c417ad7ee127"),
	"template_slug" : "contact_form",
	"template_name" : "Contact Form",
	"email_to" : "Leadimport.wolfwatersports@gmail.com",
	"bcc" : "",
	"from" : "Wolf Watersports",
	"from_email" : "info@wolfwatersports.com",
	"email_subject" : "Contact us",
	"content" : "<p>Hi, you have received a Contact Us form submission.<br><br>First Name: [first_name]<br>Last Name: [last_name]<br>Email: [email]<br>Phone: [phone]<br>Preferred Method : [preferred_contact]<br>Nearest Location : [location]<br><br>Comments: [comments]</p>\n"
},
{
	"_id" : ObjectId("5d81f2d2da20c417ad7ee128"),
	"template_slug" : "schedule_demo",
	"template_name" : "Schedule Demo",
	"email_to" : "Leadimport.wolfwatersports@gmail.com",
	"bcc" : "",
	"from" : "Wolf Watersports",
	"from_email" : "info@wolfwatersports.com",
	"email_subject" : "Schedule a demo",
	"content" : "<p>Hi, you received a Schedule Demo form submission.<br>First Name: [first_name]<br>Last Name: [last_name]<br>Email: [email]<br>Phone: [phone]<br>Party Size: [party_size]<br>Boat Year: [year]<br>Boat Make: [make]<br>Boat Model: [model]</p><p>Preferred Time: [prefered_time]<br>Preferred Date:: [prefered_date]<br><br>Comments: [comments]</p>"
},
{
	"_id" : ObjectId("5d81f2e5da20c417ad7ee129"),
	"template_slug" : "value_trade",
	"template_name" : "Value Trade",
	"email_to" : "Leadimport.wolfwatersports@gmail.com",
	"bcc" : "",
	"from" : "Wolf Watersports",
	"from_email" : "info@wolfwatersports.com",
	"email_subject" : "Value Trade In",
	"content" : "<p>Hi, you &nbsp;have received a Trade-In form submission. &nbsp;<br>First Name: [first_name]<br>Last Name: [last_name]<br>Email: [email]<br>Phone: [phone]<br>Year: [boat_year]<br>Make: [boat_make]&nbsp;<br>Model: [boat_model]<br>Engine No: [engine_no]<br>Pay Off: [pay_off]</p><p>Comments:[comments]</p>"
},
{
	"_id" : ObjectId("5d81f2f1da20c417ad7ee12a"),
	"template_slug" : "offer_price_boat",
	"template_name" : "Offer Price Boat",
	"email_to" : "Leadimport.wolfwatersports@gmail.com",
	"bcc" : "",
	"from" : "Wolf Watersports",
	"from_email" : "info@wolfwatersports.com",
	"email_subject" : "Payment Calculator Offer",
	"content" : "<p>Hi, you have received a Payment Calculator Offer form submission. &nbsp;<br>First Name: [first_name]<br>Last Name: [last_name]<br>Email: [email]<br>Phone: [phone]<br>Comments: [comments]<br>Boat Make: [boat_make]<br>Boat Model: [boat_model]<br>Boat&nbsp;Y<i>ear: [boat_year]</i><br><i>Boat Stock Number: [boat_stock_no]</i><br><i>Boat Hull ID</i>: [boat_hull_id]</p>"
},
{
	"_id" : ObjectId("5d81f2fdda20c417ad7ee12b"),
	"template_slug" : "boat_first_test",
	"template_name" : "Service A Boat",
	"email_to" : "Leadimport.wolfwatersports@gmail.com",
	"bcc" : "",
	"from" : "Wolf Watersports",
	"from_email" : "info@wolfwatersports.com",
	"email_subject" : "Service Boat Request",
	"content" : "<p>Hi, you received a Service Boat Request form submission.<br>First Name: [first_name]<br>Last Name: [last_name]<br>Email: [email]<br>Phone: [phone]<br>Boat Year: [boat_year]<br>Boat Make: [boat_make]<br>Boat Model: [boat_model]<br>Boat Hull ID: [boat_hullId]</p><p>Hours On Boat: [hours_on_boat]<br>Service Requested: [service_requested]<br>Best Date: [preffered_date]<br>Best Time Time: [preffered_time]<br>Comments: [comments]<br><br>Shipping Address: [shipping_address]<br>Shipping City: [shipping_city]<br>Shipping ZipCode: [shipping_zipcode]<br>Shipping Country: [shipping_country]<br>&nbsp;</p>"
},
