{
	"_id" : ObjectId("5d8366405a58572b28d8890f"),
	"eventTitle" : "Winter Sales Event 2019 ",
	"productImage" : "Koala.jpg",
	"eventPermalink" : "winter-sales-event-2019-",
	"eventDescription" : "Don't miss your opportunity to get the absolute 💵BEST SAVINGS💵 of the year at Wolf Watersports. We're talking even better than the boat show.",
	"eventYear" : "2019",
	"eventMonth" : "December",
	"address" : "8640 E MAIN ST ",
	"city" : "Mesa",
	"state" : "AZ",
	"zipcode" : "85207",
	"country" : "AZ",
	"location_name" : "Wolf Watersports ",
	"eventImages" : [ ],
	"eventDate" : 12
},
{
	"_id" : ObjectId("5e06540d414caa68254c8d6b"),
	"eventTitle" : "Barrett-Jackson 2020 ",
	"eventPermalink" : "",
	"eventDescription" : "Join us at this years Barrett-Jackson Auto Auction at Westworld, Scottsdale! MasterCraft Boats and Wolf Watersports will be at this years event January 11th - 19th 2020. Showcasing the latest models from MasterCraft Boats. Featuring the ALL NEW MasterCraft X26. Come talk with industry professionals, current boat owners, and Mastercraft Factory Representatives. See all there is to see at this years Barrett-Jackson Auto Auction 2020!",
	"eventYear" : "2020",
	"eventMonth" : "January",
	"address" : "16601 N Pima Rd",
	"city" : "Scottsdale ",
	"state" : "AZ",
	"zipcode" : "85260",
	"country" : "AZ",
	"location_name" : "16601 N Pima Rd",
	"eventImages" : [ ],
	"eventDate" : 12
},
