{
	"_id" : ObjectId("5d7a3ad870f5f614d8a129dd"),
	"boatTitle" : "#CaliMarineRide",
	"productImage" : "boat3.jpg",
	"boatPermalink" : "calimarineride",
	"boatDescription" : "Enter to win a free 2 hour surf lesson!",
	"how" : "post a Pic on your boat with CaliMarineRide to enter",
	"deadline" : "August at 31st at 8pm",
	"winner" : " We will be facebook live-ing the raffle winner on Spt 1st at 00:00PM"
},
{
	"_id" : ObjectId("5d7a3b79e01e910914499d4b"),
	"boatTitle" : "#CaliMarineRide2",
	"productImage" : "boat3.jpg",
	"boatPermalink" : "calimarineride2",
	"boatDescription" : "Enter to win a free 2 hour surf lesson!",
	"how" : "post a Pic on your boat with CaliMarineRide to enter",
	"deadline" : "August at 31st at 8pm",
	"winner" : " We will be facebook live-ing the raffle winner on Spt 1st at 00:00PM"
},
