{
	"_id" : ObjectId("5d6e4d53a0d9a61b1885135b"),
	"location" : "header_menu",
	"items" : [
		{
			"_id" : ObjectId("5d6dffaac36039183c188ca3"),
			"title" : "About",
			"link" : "about",
			"meta_title" : "",
			"meta_description" : "",
			"meta_keyword" : "",
			"open_in" : "redirect_page",
			"children" : [ ]
		},
		{
			"_id" : ObjectId("5d6dfde484f05f1a30f0cdf4"),
			"title" : "Service",
			"link" : "service",
			"meta_title" : "",
			"meta_description" : "",
			"meta_keyword" : "",
			"open_in" : "",
			"children" : [ ]
		},
		{
			"_id" : ObjectId("5d6dfde484f05f1a30f0cdf5"),
			"title" : "Value Your Trade",
			"link" : "value-trade",
			"meta_title" : "",
			"meta_description" : "",
			"meta_keyword" : "",
			"open_in" : "",
			"children" : [
				{
					"_id" : ObjectId("5d6e51b6aca9811df0d5cb52"),
					"title" : "About Us",
					"link" : "about",
					"meta_title" : "",
					"meta_description" : "",
					"meta_keyword" : "",
					"open_in" : "fancybox",
					"children" : [ ]
				}
			]
		},
		{
			"_id" : ObjectId("5d6dfde484f05f1a30f0cdf6"),
			"title" : "Contact",
			"link" : "contact",
			"meta_title" : "",
			"meta_description" : "",
			"meta_keyword" : "",
			"open_in" : "",
			"children" : [ ]
		},
		{
			"_id" : ObjectId("5d71eb4041b5f20b0000886e"),
			"title" : "Pro Shop",
			"link" : "proshop",
			"meta_title" : "",
			"meta_description" : "",
			"meta_keyword" : "",
			"open_in" : "redirect_page",
			"children" : [ ]
		},
		{
			"_id" : ObjectId("5d71ee9164252016a47e80a4"),
			"title" : "Parts & Service",
			"link" : "parts",
			"meta_title" : "",
			"meta_description" : "",
			"meta_keyword" : "",
			"open_in" : "redirect_page",
			"children" : [ ]
		},
		{
			"_id" : ObjectId("5d81e629da20c417ad7ee125"),
			"title" : "Boats",
			"link" : "boats",
			"meta_title" : "boats",
			"meta_description" : "",
			"meta_keyword" : "",
			"open_in" : "redirect_page",
			"children" : [ ]
		}
	]
},
{
	"_id" : ObjectId("5d6e4d53a0d9a61b1885135c"),
	"location" : "footer_menu",
	"items" : [
		{
			"title" : "COMPANY",
			"link" : "company",
			"children" : [
				{
					"title" : "About",
					"link" : "about",
					"children" : [ ]
				},
				{
					"title" : "Contact",
					"link" : "contact",
					"children" : [ ]
				},
				{
					"title" : "Testimonials",
					"link" : "#",
					"children" : [ ]
				},
				{
					"title" : "Blog",
					"link" : "#",
					"children" : [ ]
				}
			]
		},
		{
			"title" : "SERVICE",
			"link" : "service",
			"children" : [
				{
					"title" : "Boat Service",
					"link" : "service",
					"children" : [ ]
				},
				{
					"title" : "Get a Quote",
					"link" : "#",
					"children" : [ ]
				},
				{
					"title" : "Registeration",
					"link" : "#",
					"children" : [ ]
				}
			]
		},
		{
			"title" : "SALES",
			"link" : "sales",
			"children" : [
				{
					"title" : "Boat Sales",
					"link" : "boats",
					"children" : [ ]
				},
				{
					"title" : "Pro Shop",
					"link" : "#",
					"children" : [ ]
				}
			]
		},
		{
			"title" : "ACCOUNT",
			"link" : "account",
			"children" : [
				{
					"title" : "Sign In / Sign out",
					"link" : "#",
					"children" : [ ]
				},
				{
					"title" : "Track Your order",
					"link" : "#",
					"children" : [ ]
				},
				{
					"title" : "Reccomendations",
					"link" : "#",
					"children" : [ ]
				},
				{
					"title" : "Returns and Exchanges",
					"link" : "#",
					"children" : [ ]
				},
				{
					"title" : "Shipping and Handeling",
					"link" : "#",
					"children" : [ ]
				}
			]
		}
	]
},
