{
	"_id" : ObjectId("5db2be6a392d310e8bbdec99"),
	"pageName" : "Privacy Policy",
	"pageSlug" : "privacy_policy",
	"pageEnabled" : "true",
	"pageContent" : "<style>\r\n    .section-strt{\r\n        float: left;\r\n        width: 100%;\r\n        padding: 10px 0px;\r\n    }\r\n    .Pricacy_policy_wrapper{\r\n        float: left;\r\n        width: 100%;\r\n    }\r\n\t.Pricacy_policy_wrapper .privacy_title{\r\n\t\tpadding: 30px 0px;\r\n\t}\r\n\t.Pricacy_policy_wrapper .wrapper{\r\n\tbackground-color: #545454;\r\n    float: left;\r\n    color: #fff;\r\n    width: 100%;\r\n    text-transform: uppercase;\r\n\t}\r\n.Pricacy_policy_wrapper .privacy_title h1{\r\ntext-align: center;\r\n}\r\n.Pricacy_policy_wrapper .privacy_content h2{\r\n\tmargin-bottom: 20px;\r\n\tfont-size: 22px;\r\n}\r\n.Pricacy_policy_wrapper .privacy_content ul{\r\n    list-style: none;\r\n}\r\n</style>\r\n<section class=\"Pricacy_policy_wrapper\">\r\n\t<div class=\"wrapper\">\r\n\t<div class=\"container-fluid\">\r\n\t\t<div class=\"row\">\r\n\t\t\t<div class=\"col-lg-12 col-md-12 col-sm-12 col-12 col-xs-12\">\r\n\t\t\t\t<div class=\"privacy_title\">\r\n\t\t\t\t<h1>Privacy Policy</h1>\r\n\t\t\t\t</div>\r\n\r\n\t\t\t</div>\r\n\t\t</div>\r\n\r\n</div>\r\n</div>\r\n<div class=\"section-strt\">\r\n<div class=\"container\">\r\n\t\t<div class=\"row\">\r\n\t\t\t<div class=\"col-lg-12 col-md-12 col-sm-12 col-12 col-xs-12\">\r\n\t\t\t\t<div class=\"privacy_content\">\r\n\r\n<h2 style=\"margin-bottom: 20px;\"><strong>PRIVACY POLICY</strong></h2>\r\n                <p>Per U.S. federal and state laws, <a href=\"https://www.calimarine.com\">Calimarine</a> has this Privacy Policy. We strongly recommend you read them and if you have questions, reach out and inquire as needed. When possible and practicable we follow state, federal, and international law. </p>\r\n                 <h2  style=\"margin-bottom: 20px;\" >I.\tABOUT US </h2>\r\n                    <ul>\r\n                        <li>a)\tOur website is for the advertisement of boats, services, docks, and valuation, along with associated marine activities.</li>\r\n                        <li>b)\tWe post our hours and contact information on the Website and encourage you to contact us during regular business hours to resolve questions or issues. </li>\r\n\r\n                    </ul>\r\n                <h2  style=\"margin-bottom: 20px;\" >II.\tCOLLECTION OF INFORMATION</h2>\r\n                    <ul>\r\n\r\n                        <li>a)\tWhen you browse the Website, provide your information, or contact us your information may be collected. </li>\r\n                        <li>b)\tThis collection of data may be stored in the aggregate or individualized, depending on what is collected. </li>\r\n\r\n                    </ul>\r\n                <h2  style=\"margin-bottom: 20px;\">III.\tWHAT DO WE DO WITH YOUR INFORMATION</h2>\r\n                 <ul>\r\n                        <li>a)\tWhen applicable your e-mail that you provide us may be utilized for our marketing purposes.</li>\r\n                        <li>b)\tWe will provide your e-mail to entities that are related to our business, contact you to make you aware of specials, deals, and other opportunities, and may sell such e-mail to business  </li>\r\n                        <li>c)\tAdditional information maybe collected through tracking beacons, cookies, and retargeting applications, which will follow you after you leave our Website and provide information to our marketing partners.</li>\r\n                        <li>d)\tSuch information may be transmitted and assist our marketing partners and us in enhancing the advertisements you see. </li>\r\n                        <li>e)\tYour name, phone, and other information may also be shared from time to time on an ass needed basis. </li>\r\n\r\n\r\n                    </ul>\r\n\r\n                    <h2  style=\"margin-bottom: 20px;\">IV.\tCONSENT</h2>\r\n                    <ul>\r\n                        <li>a)\tWhen you provide us with personal information for a specific purpose you consent to our collecting such information and our using it for that purpose as well as other, future and unidentified purposes</li>\r\n                        <li>b)\tIf you change your mind after opting in, you may withdraw your consent for us to contact you, for the continued collection, use or disclosure of your information, at any time, by contacting us at the address below.</li>\r\n\r\n                    </ul>\r\n                    <h2  style=\"margin-bottom: 20px;\">V.\tDISCLOSURE</h2>\r\n                    <ul>\r\n                        <li>a)\tWe may disclose your personal information if we are required by law to do so or if you violate our Terms and Conditions.</li>\r\n                        <li>b)\tWe will disclose your information if law enforcement demands it or if we reasonably believe you are engaged in criminal activity or the life, health, and safety of a person is in danger.</li>\r\n\r\n                    </ul>\r\n\r\n                    <h2  style=\"margin-bottom: 20px;\">VI.\tTRACKERS</h2>\r\n                    <ul>\r\n                        <li>a)\tThe Website, as stated above, may utilize a variety of trackers, retargeting apps, and permit third parties to plant cookies.</li>\r\n                        <li>b)\tSuch third party materials may have built in trackers, broadcasting materials, scraping programs, or other programs that are not covered by this Policy. </li>\r\n\r\n                    </ul>\r\n                    <h2  style=\"margin-bottom: 20px;\">VII.\tTHIRD-PARTY ENTITIES</h2>\r\n                    <ul>\r\n                        <li>a)\tShould you leave our Applicationor are redirected to a third-party website or application, you are no longer governed by this Privacy Policy. As such we will not be liable for any data or personal information that may be exposed on third party platforms.</li>\r\n                        <li>b)\tWhen you click on links on our Application, they may direct you away from our site. We are not responsible for the privacy practices of other sites and strongly encourage you to read their privacy statements.</li>\r\n\r\n                    </ul>\r\n                     <h2  style=\"margin-bottom: 20px;\">VIII.\tSECURITY</h2>\r\n                    <ul>\r\n                        <li>a)\tTo protect your personal information, we take reasonable precautions and follow industry best practices to make sure it is not inappropriately lost, misused, accessed, disclosed, altered or destroyed.</li>\r\n                        <li>b)\tOur Application does not receive or transmit your financial or personal information. </li>\r\n\r\n                    </ul>\r\n\r\n                     <h2  style=\"margin-bottom: 20px;\">IX.\tCALIFORNIA OR OTHER JURISDICTIONS</h2>\r\n                    <ul>\r\n                        <li>a)\tResidents of California or other jurisdictions that have enacted privacy laws, regulations, or policies, please feel free to reach out and request a copy of the information we have about you. </li>\r\n                        <li>b)\tSuch request such report once a calendar year, for free. Any further requests may be subject to reasonable fees. </li>\r\n                        <li>c)\tYou may, at your discretion, request deletion of such information. </li>\r\n\r\n                    </ul>\r\n                     <h2  style=\"margin-bottom: 20px;\">X.\tE.U. RESIDENTS AND THE GDPR</h2>\r\n                    <ul>\r\n                        <li>a)\tResidents of the European Union may contact us and request a copy of their information. You may request deletion of such information.</li>\r\n                        <li>b)\tWe do not collect information that is religious, political, or otherwise requires an E.U. point of contact or a Data Point of Contact.  </li>\r\n                        <li>c)\tYou may contact us at the contact e-mail on our Contact page to request more information.  </li>\r\n\r\n                    </ul>\r\n                     <h2  style=\"margin-bottom: 20px;\">XI.\tCHANGES TO THIS PRIVACY POLICY</h2>\r\n                    <ul>\r\n                        <li>a)\tWe reserve the right to modify this privacy policy at any time, so please review it frequently. Changes and clarifications will take effect immediately upon their posting on the website. </li>\r\n                        <li>b)\tIf we make material changes to this policy, we will notify you here that it has been updated, so that you are aware of what information we collect, how we use it, and under what circumstances, if any, we use and/or disclose it.  </li>\r\n                        <li>c)\tIf our Application is acquired or merged with another company, your information may be transferred to the new owners so that we may continue to sell services to you. </li>\r\n\r\n                    </ul>\r\n                    <h2  style=\"margin-bottom: 20px;\">QUESTIONS AND CONTACT INFORMATION</h2>\r\n                    <p>If you would like to: access, correct, amend or delete any personal information we have about you, register a complaint, or simply want more information contact our point of contacton our Contact page.</p>\r\n\r\n\r\n\r\n                    <h2  style=\"margin-bottom: 20px;\"><strong>COOKIE POLICY</strong></h2>\r\n\r\n                    <h2  style=\"margin-bottom: 20px;\">I.\tPOLICY</h2>\r\n                    <ul>\r\n                        <li>a)\tAs reflected above, we try to be transparent and honest with our customers.  </li>\r\n                        <li>b)\tTo that end, our policy is to make you aware of what cookies we use and how they function so that you can make an informed choice to permit cookies or not. </li>\r\n\r\n\r\n                    </ul>\r\n                        <h2  style=\"margin-bottom: 20px;\">II.\tDESTRUCTION</h2>\r\n                    <ul>\r\n                        <li>a)\tOur cookies self-destruct when a set period of time has elapsed. </li>\r\n                        <li>b)\tHowever, should cookies and their use reveal personal information about you to use that you did not consent to, our policy is to go ahead and destroy the information.</li>\r\n                         <li>c)\tThe cookies are for our business use in the aggregate and are not meant to linger or follow you all over the internet. </li>\r\n\r\n                    </ul>\r\n                    <h2  style=\"margin-bottom: 20px;\">III.\tQUESTIONS</h2>\r\n                    <ul>\r\n                        <li>a)\tIf in doubt, please email us and we’ll be glad to address concerns!</li>\r\n\r\n\r\n                    </ul>\r\n\r\n\t\t\t\t</div>\r\n\r\n\t\t\t</div>\r\n\t\t</div>\r\n    </div>\r\n\t\t</div>\r\n</section>",
	"template" : "false"
},
{
	"_id" : ObjectId("5db2e6d5dae4d1359bc9bcbe"),
	"pageName" : "custom page",
	"pageSlug" : "custom_page",
	"pageEnabled" : "true",
	"pageContent" : "<p>dgbfgbcvbcvb</p>",
	"template" : "false"
},
