{
	"_id" : ObjectId("5d7b1e39b8271211d0a56404"),
	"productPermalink" : "2019-mastercraft-x22",
	"productImage" : "boat3_1568264532101.jpg",
	"productTitle" : "2019 MasterCraft X22",
	"productPrice" : "7499",
	"regularPrice" : "74599",
	"productDescription" : "Lorem ipsum dolor sit amet, consectetur adipiscing elit. Donec feugiat sit amet magna pretium suscipit. Phasellus sit amet dapibus eros. Nam mattis, odio a bibendum finibus, enim dui accumsan lorem, et placerat orci dui non augue. Cras eleifend eleifend velit, sit amet volutpat ipsum dictum et. Nulla nec est eget ante tincidunt convallis pharetra ac nulla. Proin efficitur nunc ut lobortis finibus. In egestas, mi et sodales rutrum, lectus libero consectetur ipsum, nec semper arcu lectus vel ex. Curabitur dignissim massa at sapien pellentesque congue. Interdum et malesuada fames ac ante ipsum primis in faucibus. Donec at nulla sed turpis pharetra varius. Mauris at metus purus.",
	"productPublished" : "false",
	"productYear" : "2012",
	"productLength" : NumberInt(0),
	"productAddedDate" : ISODate("2019-09-13T09:42:33.710+05:00"),
	"data_fields" : [
		{
			"field_name" : "specs",
			"field_description" : "LOCATION Huntington, beach, CA CONDITION New STOCK NUMBER NGJK LOCATION Huntington, beach, CA CONDITION New STOCK NUMBER NGJK LOCATION Huntington, beach, CA CONDITION New STOCK NUMBER NGJK"
		}
	]
},
