{
	"_id" : ObjectId("5d9de03eaf66fc7778f68fd1"),
	"resourceTitle" : "Demo Day",
	"productImage" : "right_resource1.jpg",
	"resourcePermalink" : "demo-day",
	"resourceDescription" : "Whether you need repairs or maintenance, or you're looking to customize your boat, Cali Marine is proud to carry a wide selection of parts and accessories so you can maintain your boat and make it your own. If we don't have it in stock, we're happy to order it for you.\r\n\r\nOur knowledgeable parts staff are ready to help you find the right parts and accessories to keep your boat running in optimal condition. We can also aid in annual services of any Ilmor, Indmar, Yamaha, Volvo Penta, or inboard Mercury engine. If you need help with repairs or installations, check out our service department.\r\n\r\nGot a custom design in mind? We have the experience and know-how to make it happen. Cali Marine is committed to making sure you enjoy the best possible experience with your MasterCraft and NauticStar. Give us a call or stop by and let us help you plan out the perfect customization tailored to your individual style!",
	"address" : "1235 address,",
	"city" : "ST 123456",
	"state" : "US",
	"zipcode" : "46000",
	"country" : "US",
	"location_name" : "Liverpol",
	"time_start" : "1899-12-31T00:12:00",
	"time_end" : "2019-09-16T10:09:43",
	"age" : "123",
	"type" : {
		"news" : "news",
		"water" : "water",
		"saftey" : " ",
		"boatsInfo" : " ",
		"misc" : " "
	}
},
{
	"_id" : ObjectId("5d9de099af66fc7778f68fd2"),
	"resourceTitle" : "BBQ and New Model Reveal",
	"productImage" : "resources_banner.jpg",
	"resourcePermalink" : "bbq-and-new-model-reveal",
	"resourceDescription" : "Whether you need repairs or maintenance, or you're looking to customize your boat, Cali Marine is proud to carry a wide selection of parts and accessories so you can maintain your boat and make it your own. If we don't have it in stock, we're happy to order it for you.\r\n\r\nOur knowledgeable parts staff are ready to help you find the right parts and accessories to keep your boat running in optimal condition. We can also aid in annual services of any Ilmor, Indmar, Yamaha, Volvo Penta, or inboard Mercury engine. If you need help with repairs or installations, check out our service department.\r\n\r\nGot a custom design in mind? We have the experience and know-how to make it happen. Cali Marine is committed to making sure you enjoy the best possible experience with your MasterCraft and NauticStar. Give us a call or stop by and let us help you plan out the perfect customization tailored to your individual style!",
	"address" : "1235 address,",
	"city" : "ST 123456",
	"state" : "US",
	"zipcode" : "46000",
	"country" : "US",
	"location_name" : "Liverpol",
	"time_start" : "2001-12-31T00:12:00",
	"time_end" : "2019-09-16T10:09:43",
	"age" : "24",
	"type" : {
		"news" : " ",
		"water" : "water",
		"saftey" : "saftey",
		"boatsInfo" : "boatsInfo",
		"misc" : " "
	}
},
{
	"_id" : ObjectId("5d9de0f6af66fc7778f69187"),
	"resourceTitle" : "Resources",
	"productImage" : "right_resource2.jpg",
	"resourcePermalink" : "resources",
	"resourceDescription" : "Whether you need repairs or maintenance, or you're looking to customize your boat, Cali Marine is proud to carry a wide selection of parts and accessories so you can maintain your boat and make it your own. If we don't have it in stock, we're happy to order it for you.\r\n\r\nOur knowledgeable parts staff are ready to help you find the right parts and accessories to keep your boat running in optimal condition. We can also aid in annual services of any Ilmor, Indmar, Yamaha, Volvo Penta, or inboard Mercury engine. If you need help with repairs or installations, check out our service department.\r\n\r\nGot a custom design in mind? We have the experience and know-how to make it happen. Cali Marine is committed to making sure you enjoy the best possible experience with your MasterCraft and NauticStar. Give us a call or stop by and let us help you plan out the perfect customization tailored to your individual style!",
	"address" : "1235 address,",
	"city" : "ST 123456",
	"state" : "US",
	"zipcode" : "46000",
	"country" : "US",
	"location_name" : "Liverpol",
	"time_start" : "2011-12-30T00:12:00",
	"time_end" : "2019-09-16T10:09:43",
	"age" : "25",
	"type" : {
		"news" : " ",
		"water" : "water",
		"saftey" : " ",
		"boatsInfo" : " ",
		"misc" : "misc"
	}
},
