{
	"_id" : ObjectId("5d8474534d486f6c77fe428d"),
	"articleTitle" : "Boating with kids",
	"productImage" : "resource_bg.jpg",
	"articlePermalink" : "boating-with-kids",
	"articleDescription" : "Boating is an excellent way to relax and spend time in nature with your family. During the summer months, when the days are hot, boating is a fun outdoor activity that the entire family can enjoy. If you’re taking children along with you on a boat, there are some things you can do to ensure they stay safe while having a whole lot of fun. At Cali Marine, we want our customers to enjoy their boating experiences each and every time. With that in mind, we’ve created this list of things you can do to make sure your kids have a great time on your boat. To look at boats for sale near San Diego, come to our dealership in Huntington Beach and take a tour of our inventory.\r\nEarly Swimming Lessons\r\nIf you’re the sort that likes to spend your time on the water, you should also teach your kids to swim as early as possible so that they know how to float and keep themselves above the water if they fall overboard. They should know what to do in different water conditions, such as riptides. Swim parallel to the shore and perpendicular to the riptide till you’re free of it, then swim at an angle towards the shore. Additionally, remember that oceans differ from rivers, so teach your children how to handle the waters they’ll be visiting.\r\nGetting Used To Life Jackets\r\nYour children should be as comfortable as possible in their life jackets. Make sure that they know to keep their jackets on at all times when they’re on the boat and don’t bend that rule. To get them used to it, you can wear a life jacket yourself. They’re more likely to do it if they see the adults around them also following good safety practices. Once your kids are used to their life jackets, attach a marine whistle to each jacket. Then teach the children to blow the whistle repeatedly until help arrives in case they fall off the boat.\r\nFix Safety Rules\r\nChildren need to be briefed on all the rules they must follow when on the boat as well as common safety practices. They should know not to sit on the edge of the boat or try to grab something that has fallen overboard. They should never touch the boat’s controls or disturb the operator when they’re maneuvering the boat. Teach them that running around on the boat can cause them to slip and get hurt. If kids are reluctant to follow the rules, you can explain to them why rules exist and what can happen if they don’t follow them. Following the rules yourself will also help children pick up the behaviors from you. They should know where the essential supplies (such as throwable life ring, first aid kit, and fire extinguisher) are kept. Give them a tour of the boat before you begin your trip to familiarize them with it.\r\nInform Them About Marine Life\r\nThere are a variety of creatures that live in the water, some of whom your children should beware of. If you’re on the ocean, teach them not to touch any jellyfish since even the dead ones on shore can sting them. They should also keep away from eels and man-o-wars. Coral can scrape their skin. Teach your kids not to throw trash into the ocean. We hope these tips help you and your kids have great times on your boat! For all your boat needs, come to Cali Marine in Huntington Beach, California. We also offer amazing parts, service and financing options. We’re proud to serve the good people of Southern California!",
	"address" : "1235 address,",
	"city" : "ST 123456",
	"state" : "US",
	"zipcode" : "46000",
	"country" : "US",
	"location_name" : "Liverpol",
	"time_start" : "1899-12-31T00:12:00",
	"time_end" : "1899-12-31T00:12:00"
},
