{
	"_id" : ObjectId("5d723a413cca8c1cbceca14b"),
	"firstName" : "Irfan",
	"lastName" : "hayat",
	"phoneNo" : "03235412298",
	"email" : "irfanhayat55@gmail.com",
	"preferredDate" : "12/12/2012",
	"preferredTime" : "9:15",
	"year" : "1999",
	"make" : "asdas",
	"model" : "2000",
	"hullId" : "12",
	"hours" : "12",
	"comments" : "sadasd"
},
{
	"_id" : ObjectId("5d723b89eddc711c3459037a"),
	"firstName" : "Irfan",
	"lastName" : "hayat",
	"phoneNo" : "03235412298",
	"email" : "irfanhayat55@gmail.com",
	"preferredDate" : "12/12/2012",
	"preferredTime" : "9:15",
	"year" : "1999",
	"make" : "asdas",
	"model" : "2000",
	"hullId" : "12",
	"hours" : "12",
	"comments" : "sadasd"
},
{
	"_id" : ObjectId("5d723c1c5b7a892244d71749"),
	"firstName" : "Irfan",
	"lastName" : "hayat",
	"phoneNo" : "03235412298",
	"email" : "irfanhayat55@gmail.com",
	"preferredDate" : "12/12/2012",
	"preferredTime" : "9:15",
	"year" : "1999",
	"make" : "asdas",
	"model" : "2000",
	"hullId" : "12",
	"hours" : "12",
	"comments" : "asdasdsad"
},
{
	"_id" : ObjectId("5d723c3e5b7a892244d7174a"),
	"firstName" : "Irfan",
	"lastName" : "asdas",
	"phoneNo" : "03235412298",
	"email" : "asdasd@gmail.com",
	"preferredDate" : "12/12/2012",
	"preferredTime" : "9:15",
	"year" : "1999",
	"make" : "asdas",
	"model" : "2000",
	"hullId" : "12",
	"hours" : "12",
	"comments" : "asdasd"
},
{
	"_id" : ObjectId("5d723e95e5d10118ac2ba804"),
	"firstName" : "firstName",
	"lastName" : "lastName",
	"phoneNo" : "phoneNo",
	"email" : "Email",
	"preferredDate" : "preferredDate",
	"preferredTime" : "preferredTime",
	"year" : "year",
	"make" : "make",
	"model" : "model",
	"hullId" : "hullId",
	"hours" : "hours",
	"comments" : "comments"
},
{
	"_id" : ObjectId("5d72615d3abee4205852d1b7"),
	"firstName" : "Irfan",
	"lastName" : "hayat",
	"phoneNo" : "03235412298",
	"email" : "irfanhayat55@gmail.com",
	"preferredDate" : "12/12/2012",
	"preferredTime" : "9:15",
	"year" : "1999",
	"make" : "asdas",
	"model" : "2000",
	"hullId" : "12",
	"hours" : "12",
	"comments" : "asdasdas"
},
{
	"_id" : ObjectId("5d726357f1ad4f26d4ea85e9"),
	"firstName" : "Irfan",
	"lastName" : "hayat",
	"phoneNo" : "03235412298",
	"email" : "irfanhayat55@gmail.com",
	"preferredDate" : "12/12/2012",
	"preferredTime" : "9:15",
	"year" : "1999",
	"make" : "asdas",
	"model" : "2000",
	"hullId" : "12",
	"hours" : "12",
	"comments" : "sadasad"
},
{
	"_id" : ObjectId("5d726534f1ad4f26d4ea85ec"),
	"firstName" : "Irfan",
	"lastName" : "hayat",
	"phoneNo" : "03235412298",
	"email" : "irfanhayat55@gmail.com",
	"preferredDate" : "12/12/2012",
	"preferredTime" : "9:15",
	"year" : "1999",
	"make" : "asdas",
	"model" : "2000",
	"hullId" : "12",
	"hours" : "12",
	"comments" : "sdfsdsd"
},
{
	"_id" : ObjectId("5d726656de450324a0d58b46"),
	"firstName" : "Irfan",
	"lastName" : "hayat",
	"phoneNo" : "03235412298",
	"email" : "irfanhayat55@gmail.com",
	"preferredDate" : "12/12/2012",
	"preferredTime" : "9:15",
	"year" : "1999",
	"make" : "asdas",
	"model" : "2000",
	"hullId" : "12",
	"hours" : "12",
	"comments" : "sdsfdsdf"
},
{
	"_id" : ObjectId("5d7266efde450324a0d58b49"),
	"firstName" : "Irfan",
	"lastName" : "hayat",
	"phoneNo" : "03235412298",
	"email" : "irfanhayat55@gmail.com",
	"preferredDate" : "12/12/2012",
	"preferredTime" : "9:15",
	"year" : "1999",
	"make" : "asdas",
	"model" : "2000",
	"hullId" : "12",
	"hours" : "12",
	"comments" : "sdfdsf"
},
{
	"_id" : ObjectId("5d7f8a41f96c4b20fcfecff7"),
	"firstName" : "Irfan",
	"lastName" : "hayat",
	"phoneNo" : "03235412298",
	"email" : "irfanhayat55@gmail.com",
	"preferredDate" : "12/12/2012",
	"preferredTime" : "9:15",
	"year" : "1999",
	"make" : "asdas",
	"model" : "2000",
	"hullId" : "12",
	"hours" : "12",
	"comments" : "sdfsfdsdfsf"
},
{
	"_id" : ObjectId("5d7f8bfd15be2823603bc020"),
	"firstName" : "Irfan",
	"lastName" : "hayat",
	"phoneNo" : "03235412298",
	"email" : "irfanhayat55@gmail.com",
	"preferredDate" : "12/12/2012",
	"preferredTime" : "9:15",
	"year" : "1999",
	"make" : "asdas",
	"model" : "2000",
	"hullId" : "12",
	"hours" : "12",
	"comments" : "dfgdsfd"
},
{
	"_id" : ObjectId("5d7f8c12251aa127946c16a5"),
	"firstName" : "Irfan",
	"lastName" : "hayat",
	"phoneNo" : "03235412298",
	"email" : "irfanhayat55@gmail.com",
	"preferredDate" : "12/12/2012",
	"preferredTime" : "9:15",
	"year" : "1999",
	"make" : "asdas",
	"model" : "2000",
	"hullId" : "12",
	"hours" : "12",
	"comments" : "dfgdsfd"
},
{
	"_id" : ObjectId("5d7f91a5825dfa27c8b097ee"),
	"firstName" : "Irfan",
	"lastName" : "hayat",
	"phoneNo" : "03235412298",
	"email" : "irfanhayat55@gmail.com",
	"preferredDate" : "12/12/2012",
	"preferredTime" : "9:15",
	"year" : "1999",
	"make" : "asdas",
	"model" : "2000",
	"hullId" : "12",
	"hours" : "12",
	"comments" : "sdfsdf"
},
{
	"_id" : ObjectId("5d7f954372270d182847980f"),
	"firstName" : "Irfan",
	"lastName" : "hayat",
	"phoneNo" : "03235412298",
	"email" : "irfanhayat55@gmail.com",
	"preferredDate" : "12/12/2012",
	"preferredTime" : "9:15",
	"year" : "1999",
	"make" : "asdas",
	"model" : "2000",
	"hullId" : "12",
	"hours" : "12",
	"comments" : "saasdsa"
},
{
	"_id" : ObjectId("5d7f95d1a0d6752144eb095e"),
	"firstName" : "Irfan",
	"lastName" : "hayat",
	"phoneNo" : "03235412298",
	"email" : "irfanhayat55@gmail.com",
	"preferredDate" : "12/12/2012",
	"preferredTime" : "9:15",
	"year" : "1999",
	"make" : "asdas",
	"model" : "2000",
	"hullId" : "12",
	"hours" : "12",
	"comments" : "ssadsad"
},
{
	"_id" : ObjectId("5d7f9626cbff8f1a905e6832"),
	"firstName" : "Irfan",
	"lastName" : "hayat",
	"phoneNo" : "03235412298",
	"email" : "irfanhayat55@gmail.com",
	"preferredDate" : "12/12/2012",
	"preferredTime" : "9:15",
	"year" : "1999",
	"make" : "asdas",
	"model" : "2000",
	"hullId" : "12",
	"hours" : "12",
	"comments" : "sdfsfdfds"
},
{
	"_id" : ObjectId("5d7f96c7f2a51f26687df85c"),
	"firstName" : "Irfan",
	"lastName" : "hayat",
	"phoneNo" : "03235412298",
	"email" : "irfanhayat55@gmail.com",
	"preferredDate" : "12/12/2012",
	"preferredTime" : "9:15",
	"year" : "1999",
	"make" : "asdas",
	"model" : "2000",
	"hullId" : "12",
	"hours" : "12",
	"comments" : "asdasd"
},
{
	"_id" : ObjectId("5d7f99ee3da0bc1530aaf1fa"),
	"firstName" : "Irfan",
	"lastName" : "hayat",
	"phoneNo" : "03235412298",
	"email" : "irfanhayat55@gmail.com",
	"preferredDate" : "12/12/2012",
	"preferredTime" : "9:15",
	"year" : "1999",
	"make" : "asdas",
	"model" : "2000",
	"hullId" : "12",
	"hours" : "12",
	"comments" : "sadasd"
},
{
	"_id" : ObjectId("5d7f9a8ce9699719e48d85d3"),
	"firstName" : "Irfan",
	"lastName" : "hayat",
	"phoneNo" : "03235412298",
	"email" : "irfanhayat55@gmail.com",
	"preferredDate" : "12/12/2012",
	"preferredTime" : "9:15",
	"year" : "1999",
	"make" : "asdas",
	"model" : "2000",
	"hullId" : "12",
	"hours" : "12",
	"comments" : "sdasdf"
},
{
	"_id" : ObjectId("5d7f9b94e9699719e48d85d4"),
	"firstName" : "Irfan",
	"lastName" : "hayat",
	"phoneNo" : "03235412298",
	"email" : "irfanhayat55@gmail.com",
	"preferredDate" : "12/12/2012",
	"preferredTime" : "9:15",
	"year" : "1999",
	"make" : "asdas",
	"model" : "2000",
	"hullId" : "12",
	"hours" : "12",
	"comments" : "dfgdf"
},
{
	"_id" : ObjectId("5d7f9c3ee9699719e48d85d5"),
	"firstName" : "Irfan",
	"lastName" : "hayat",
	"phoneNo" : "03235412298",
	"email" : "irfanhayat55@gmail.com",
	"preferredDate" : "12/12/2012",
	"preferredTime" : "9:15",
	"year" : "1999",
	"make" : "asdas",
	"model" : "2000",
	"hullId" : "12",
	"hours" : "12",
	"comments" : ""
},
{
	"_id" : ObjectId("5d7f9cba2b2cb317a06e5f17"),
	"firstName" : "Irfan",
	"lastName" : "hayat",
	"phoneNo" : "03235412298",
	"email" : "irfanhayat55@gmail.com",
	"preferredDate" : "",
	"preferredTime" : "",
	"year" : "1999",
	"make" : "asdas",
	"model" : "2000",
	"hullId" : "12",
	"hours" : "12",
	"comments" : ""
},
{
	"_id" : ObjectId("5d7f9d068793ec1c909e0c01"),
	"firstName" : "Irfan",
	"lastName" : "asdas",
	"phoneNo" : "03235412298",
	"email" : "angulartech5@gmail.com",
	"preferredDate" : "",
	"preferredTime" : "",
	"year" : "1999",
	"make" : "asdas",
	"model" : "2000",
	"hullId" : "12",
	"hours" : "12",
	"comments" : ""
},
{
	"_id" : ObjectId("5d7f9e34e45ae51ac08e73d9"),
	"firstName" : "Irfan",
	"lastName" : "hayat",
	"phoneNo" : "03235412298",
	"email" : "angulartech5@gmail.com",
	"preferredDate" : "",
	"preferredTime" : "",
	"year" : "1999",
	"make" : "asdas",
	"model" : "2000",
	"hullId" : "12",
	"hours" : "12",
	"comments" : ""
},
{
	"_id" : ObjectId("5d7fa0d8c2d64d26a05b4f91"),
	"firstName" : "Irfan",
	"lastName" : "hayat",
	"phoneNo" : "03235412298",
	"email" : "irfanhayat55@gmail.com",
	"preferredDate" : "",
	"preferredTime" : "",
	"year" : "1999",
	"make" : "asdas",
	"model" : "2000",
	"hullId" : "12",
	"hours" : "12",
	"comments" : ""
},
{
	"_id" : ObjectId("5d7fa199d747922224584468"),
	"firstName" : "Irfan",
	"lastName" : "asdas",
	"phoneNo" : "03235412298",
	"email" : "angulartech5@gmail.com",
	"preferredDate" : "",
	"preferredTime" : "",
	"year" : "1999",
	"make" : "asdas",
	"model" : "2000",
	"hullId" : "12",
	"hours" : "12",
	"comments" : ""
},
{
	"_id" : ObjectId("5d7fa1e746acdf27e403d91f"),
	"firstName" : "Irfan",
	"lastName" : "hayat",
	"phoneNo" : "03235412298",
	"email" : "irfanhayat55@gmail.com",
	"preferredDate" : "",
	"preferredTime" : "",
	"year" : "1999",
	"make" : "asdas",
	"model" : "2000",
	"hullId" : "12",
	"hours" : "12",
	"comments" : ""
},
{
	"_id" : ObjectId("5d7fa26c8393f024185644a5"),
	"firstName" : "Irfan",
	"lastName" : "hayat",
	"phoneNo" : "03235412298",
	"email" : "irfanhayat55@gmail.com",
	"preferredDate" : "",
	"preferredTime" : "",
	"year" : "1999",
	"make" : "asdas",
	"model" : "2000",
	"hullId" : "12",
	"hours" : "12",
	"comments" : ""
},
{
	"_id" : ObjectId("5d7fa2a3cf9442251021b05d"),
	"firstName" : "Irfan",
	"lastName" : "hayat",
	"phoneNo" : "03235412298",
	"email" : "irfanhayat55@gmail.com",
	"preferredDate" : "",
	"preferredTime" : "",
	"year" : "1999",
	"make" : "asdas",
	"model" : "2000",
	"hullId" : "12",
	"hours" : "12",
	"comments" : ""
},
{
	"_id" : ObjectId("5d7fa2c3cf9442251021b05e"),
	"firstName" : "Irfan",
	"lastName" : "hayat",
	"phoneNo" : "03235412298",
	"email" : "irfanhayat55@gmail.com",
	"preferredDate" : "",
	"preferredTime" : "",
	"year" : "1999",
	"make" : "asdas",
	"model" : "2000",
	"hullId" : "12",
	"hours" : "12",
	"comments" : ""
},
{
	"_id" : ObjectId("5d7fa2f5cf9442251021b05f"),
	"firstName" : "Irfan",
	"lastName" : "hayat",
	"phoneNo" : "03235412298",
	"email" : "angulartech5@gmail.com",
	"preferredDate" : "12/12/2012",
	"preferredTime" : "9:15",
	"year" : "1999",
	"make" : "asdas",
	"model" : "2000",
	"hullId" : "12",
	"hours" : "12",
	"comments" : ""
},
{
	"_id" : ObjectId("5d7fa436cf9442251021b060"),
	"firstName" : "Irfan",
	"lastName" : "hayat",
	"phoneNo" : "03235412298",
	"email" : "irfanhayat55@gmail.com",
	"preferredDate" : "12/12/2012",
	"preferredTime" : "9:15",
	"year" : "1999",
	"make" : "asdas",
	"model" : "2000",
	"hullId" : "12",
	"hours" : "12",
	"comments" : "dfgdsfd"
},
{
	"_id" : ObjectId("5d7fa685cf9442251021b062"),
	"firstName" : "Irfan",
	"lastName" : "hayat",
	"phoneNo" : "03235412298",
	"email" : "irfanhayat55@gmail.com",
	"preferredDate" : "12/12/2012",
	"preferredTime" : "9:15",
	"year" : "1999",
	"make" : "asdas",
	"model" : "2000",
	"hullId" : "12",
	"hours" : "12",
	"comments" : "hgfghfgh"
},
{
	"_id" : ObjectId("5d7fa733cf9442251021b065"),
	"firstName" : "Irfan",
	"lastName" : "hayat",
	"phoneNo" : "03235412298",
	"email" : "angulartech5@gmail.com",
	"preferredDate" : "12/12/2012",
	"preferredTime" : "9:15",
	"year" : "1999",
	"make" : "asdas",
	"model" : "2000",
	"hullId" : "12",
	"hours" : "12",
	"comments" : "asdasdas"
},
{
	"_id" : ObjectId("5d7fa8dfcf9442251021b06b"),
	"firstName" : "Irfan",
	"lastName" : "asdas",
	"phoneNo" : "03235412298",
	"email" : "admin@idahowatersports.com",
	"preferredDate" : "12/12/2012",
	"preferredTime" : "9:15",
	"year" : "1999",
	"make" : "asdas",
	"model" : "2000",
	"hullId" : "12",
	"hours" : "12",
	"comments" : "sdfsd"
},
{
	"_id" : ObjectId("5d81f48fda20c417ad7ee12d"),
	"firstName" : "ali",
	"lastName" : "buyer",
	"phoneNo" : "0457486456",
	"email" : "hassanali703@gmail.com",
	"preferredDate" : "10",
	"preferredTime" : "08",
	"year" : "BAY LAKE",
	"make" : "sdffdf",
	"model" : "classic 230 sl",
	"hullId" : "sefsd",
	"hours" : "sdfs",
	"comments" : "system genterated email ignore"
},
