{
	"_id" : ObjectId("600a6080f3a9043a44085a04"),
	"sessionHash" : "825e825466e445332daae89c7905a2c2",
	"userId" : ObjectId("5d81e214da20c417ad7ee123")
},
{
	"_id" : ObjectId("600a60ca7e630a24a0121e1c"),
	"sessionHash" : "72c3f9df05299e2f5191eb8d4c6ced5f",
	"userId" : ObjectId("5d81e214da20c417ad7ee123")
},
{
	"_id" : ObjectId("600a61216037fd1df4317654"),
	"sessionHash" : "451266496daf7f3a6e255825fedda44d",
	"userId" : ObjectId("5d81e214da20c417ad7ee123"),
	"status" : NumberInt(1),
	"created_at" : ISODate("2021-01-22T10:22:41.388+05:00")
},
{
	"_id" : ObjectId("600a61759be9e53920b5eeca"),
	"sessionHash" : "70cd89eb471147648560be67a7f77e7d",
	"userId" : ObjectId("5d81e214da20c417ad7ee123"),
	"status" : NumberInt(0),
	"created_at" : ISODate("2021-01-22T10:24:05.804+05:00")
},
{
	"_id" : ObjectId("600a682f2d8e4a437cfb2f41"),
	"sessionHash" : "99788a1af9dd58bf739972f05f9df656",
	"userId" : ObjectId("5d81e214da20c417ad7ee123"),
	"status" : NumberInt(1),
	"created_at" : ISODate("2021-01-22T10:52:47.234+05:00")
},
{
	"_id" : ObjectId("600a69232d8e4a437cfb2f42"),
	"sessionHash" : "c225bffafc642b0a9c2a1090155d4f53",
	"userId" : ObjectId("5d81e214da20c417ad7ee123"),
	"status" : NumberInt(1),
	"created_at" : ISODate("2021-01-22T10:56:51.740+05:00")
},
{
	"_id" : ObjectId("600a6be48b022f38f0558e81"),
	"sessionHash" : "cfdd54a771a0ea74d2a9d066eecf9507",
	"userId" : ObjectId("5d81e214da20c417ad7ee123"),
	"status" : NumberInt(1),
	"created_at" : ISODate("2021-01-22T11:08:36.617+05:00")
},
{
	"_id" : ObjectId("600a6cbf8b022f38f0558e82"),
	"sessionHash" : "c1ce969f6e17d3c6814ec6e83c4cf8ea",
	"userId" : ObjectId("5d81e214da20c417ad7ee123"),
	"status" : NumberInt(0),
	"created_at" : ISODate("2021-01-22T11:12:15.535+05:00")
},
{
	"_id" : ObjectId("600a6dc08b022f38f0558e83"),
	"sessionHash" : "b3c0a19d8577267a874e9d7c4258cd43",
	"userId" : ObjectId("5d81e214da20c417ad7ee123"),
	"status" : NumberInt(0),
	"created_at" : ISODate("2021-01-22T11:16:32.095+05:00")
},
{
	"_id" : ObjectId("600a6ead1236f74cb00a64d1"),
	"sessionHash" : "25cffd5abd881aa58d40dee8ec176d02",
	"userId" : ObjectId("5d81e214da20c417ad7ee123"),
	"status" : NumberInt(0),
	"created_at" : ISODate("2021-01-22T11:20:29.420+05:00")
},
{
	"_id" : ObjectId("600a6fd71236f74cb00a64d2"),
	"sessionHash" : "f74f11ce56f925891c1c40a65e2aa859",
	"userId" : ObjectId("5d81e214da20c417ad7ee123"),
	"status" : NumberInt(1),
	"created_at" : ISODate("2021-01-22T11:25:27.141+05:00")
},
